2026-02-28 21:56:39.654191,31.3,46.4,925.86,835.0,478.0,0.0,477.4
2026-02-28 21:56:44.977209,31.3,46.4,925.85,66.0,31.0,0.0,35.7
2026-02-28 21:56:50.303702,31.3,46.4,925.86,0.0,0.0,0.0,0.0
2026-02-28 21:56:55.422673,31.3,46.4,925.89,1000.0,500.0,0.0,500
2026-02-28 21:57:00.766171,31.3,46.4,925.85,0.0,0.0,0.0,0.0
2026-02-28 21:57:05.975580,31.3,46.4,925.84,113.0,15.0,0.0,49.7
2026-02-28 21:57:11.300501,31.3,46.4,925.85,730.0,478.0,0.0,435.4
2026-02-28 21:57:16.419466,31.3,46.4,925.88,0.0,0.0,0.0,0.0
2026-02-28 21:57:21.542620,31.3,46.4,925.86,213.0,131.0,0.0,124.5
2026-02-28 21:57:26.632879,31.3,46.3,925.87,816.0,404.0,0.0,447.6
2026-02-28 21:57:31.779324,31.3,46.4,925.9,903.0,468.0,0.0,500
2026-02-28 21:57:37.102648,31.3,46.4,925.86,0.0,0.0,0.0,0.0
2026-02-28 21:57:42.433807,31.3,46.4,925.88,959.0,475.0,0.0,500
2026-02-28 21:57:47.763593,31.3,46.4,925.89,904.0,440.0,0.0,493.6
2026-02-28 21:57:53.079675,31.3,46.3,925.85,674.0,331.0,0.0,368.9
2026-02-28 21:57:58.405608,31.3,46.3,925.88,938.0,500.0,0.0,500
2026-02-28 21:58:03.833069,31.3,46.4,925.88,19.0,16.0,0.0,12.4
2026-02-28 21:58:09.082027,31.3,46.3,925.9,0.0,0.0,0.0,0.0
2026-02-28 21:58:14.343715,31.3,46.3,925.89,1000.0,489.0,0.0,500
2026-02-28 21:58:19.703717,31.3,46.3,925.9,10.0,0.0,0.0,4.0
2026-02-28 21:58:25.028294,31.3,46.3,925.9,894.0,432.0,0.0,487.2
2026-02-28 21:58:30.201356,31.3,46.3,925.89,684.0,252.0,0.0,349.2
2026-02-28 21:58:35.471039,31.3,46.3,925.87,947.0,500.0,0.0,500
2026-02-28 21:58:40.848922,31.3,46.3,925.87,167.0,84.0,0.0,92.0
2026-02-28 21:58:46.126723,31.3,46.3,925.89,1000.0,500.0,0.0,500
2026-02-28 21:58:51.450992,31.3,46.3,925.88,17.0,0.0,0.0,6.8
2026-02-28 21:58:56.933060,31.3,46.3,925.89,457.0,208.0,0.0,245.2
2026-02-28 21:59:02.159524,31.3,46.3,925.91,1000.0,500.0,0.0,500
2026-02-28 21:59:07.296290,31.3,46.3,925.91,584.0,285.0,0.0,319.1
2026-02-28 21:59:12.550514,31.3,46.3,925.9,774.0,423.0,0.0,436.5
2026-02-28 21:59:17.865783,31.3,46.3,925.89,980.0,426.0,0.0,500
2026-02-28 21:59:23.002961,31.3,46.3,925.88,253.0,145.0,0.0,144.7
2026-02-28 21:59:28.172633,31.3,46.3,925.91,133.0,74.0,0.0,75.4
2026-02-28 21:59:33.684996,31.3,46.3,925.91,1000.0,442.0,0.0,500
2026-02-28 21:59:39.071250,31.3,46.3,925.91,65.0,24.0,0.0,33.2
2026-02-28 21:59:44.492859,31.3,46.3,925.93,0.0,28.0,0.0,8.4
2026-02-28 21:59:49.825270,31.3,46.3,925.9,93.0,8.0,0.0,39.6
2026-02-28 21:59:55.146964,31.3,46.3,925.94,546.0,270.0,0.0,299.4
2026-02-28 22:00:00.477180,31.3,46.3,925.89,0.0,4.0,0.0,1.2
2026-02-28 22:00:05.803605,31.3,46.3,925.91,0.0,0.0,0.0,0.0
2026-02-28 22:00:11.319699,31.3,46.3,925.9,832.0,427.0,0.0,460.9
2026-02-28 22:00:16.645968,31.3,46.3,925.93,0.0,0.0,0.0,0.0
2026-02-28 22:00:21.967301,31.2,46.3,925.92,919.0,431.0,0.0,496.9
2026-02-28 22:00:27.107159,31.3,46.3,925.94,11.0,0.0,0.0,4.4
2026-02-28 22:00:32.416988,31.3,46.2,925.93,0.0,0.0,0.0,0.0
2026-02-28 22:00:37.743871,31.2,46.2,925.93,0.0,26.0,0.0,7.8
2026-02-28 22:00:43.063465,31.2,46.1,925.91,105.0,43.0,0.0,54.9
2026-02-28 22:00:48.402385,31.2,46.1,925.91,0.0,0.0,0.0,0.0
2026-02-28 22:00:53.728718,31.2,46.1,925.92,39.0,39.0,0.0,27.3
2026-02-28 22:00:59.053570,31.2,46.1,925.92,14.0,0.0,0.0,5.6
2026-02-28 22:01:04.373780,31.2,46.2,925.94,178.0,83.0,0.0,96.1
2026-02-28 22:01:09.900382,31.2,46.2,925.92,747.0,352.0,0.0,404.4
2026-02-28 22:01:15.124891,31.2,46.2,925.93,0.0,0.0,0.0,0.0
2026-02-28 22:01:20.446617,31.2,46.2,925.96,37.0,22.0,0.0,21.4
2026-02-28 22:01:25.784822,31.2,46.2,925.93,503.0,230.0,0.0,270.2
2026-02-28 22:02:00.991172,31.2,46.2,925.95,0.0,0.0,0.0,0.0
2026-02-28 22:02:06.322156,31.2,46.1,925.93,1000.0,500.0,0.0,550.0
2026-02-28 22:02:11.447481,31.2,46.1,925.93,21.0,18.0,0.0,13.8
2026-02-28 22:02:16.763763,31.2,46.1,925.92,0.0,0.0,0.0,0.0
2026-02-28 22:02:22.088529,31.2,46.1,925.94,980.0,447.0,0.0,526.1
2026-02-28 22:02:27.423509,31.2,46.1,925.94,0.0,0.0,0.0,0.0
2026-02-28 22:02:32.770668,31.2,46.1,925.92,10.0,10.0,0.0,7.0
2026-02-28 22:02:37.898072,31.2,46.1,925.95,480.0,274.0,0.0,274.2
2026-02-28 22:02:43.192347,31.2,46.2,925.94,1000.0,500.0,0.0,550.0
2026-02-28 22:02:51.430737,31.2,46.2,925.92,43.0,55.0,0.0,33.7
2026-02-28 22:02:56.709444,31.2,46.2,925.94,0.0,0.0,0.0,0.0
2026-02-28 22:03:02.037973,31.2,46.2,925.92,987.0,384.0,0.0,510.0
2026-02-28 22:03:07.382671,31.2,46.2,925.95,10.0,0.0,0.0,4.0
2026-02-28 22:03:12.685319,31.2,46.2,925.94,589.0,304.0,0.0,326.8
2026-02-28 22:03:18.003071,31.2,46.1,925.92,1000.0,500.0,0.0,550.0
2026-02-28 22:03:23.585410,31.2,46.1,925.93,472.0,285.0,0.0,274.3
2026-02-28 22:03:29.059721,31.2,46.1,925.95,0.0,12.0,0.0,3.5999999999999996
2026-02-28 22:03:34.382806,31.2,46.2,925.97,953.0,500.0,0.0,531.2
2026-02-28 22:03:39.715342,31.2,46.2,925.94,0.0,0.0,0.0,0.0
2026-02-28 22:03:45.033725,31.2,46.1,925.93,0.0,0.0,0.0,0.0
2026-02-28 22:03:50.410543,31.2,46.1,925.96,801.0,374.0,0.0,432.6
2026-02-28 22:03:55.796688,31.2,46.1,925.96,1000.0,500.0,0.0,550.0
2026-02-28 22:04:01.007071,31.2,46.1,925.94,1000.0,500.0,0.0,550.0
2026-02-28 22:04:06.336599,31.2,46.1,925.94,971.0,456.0,0.0,525.2
2026-02-28 22:04:11.673869,31.2,46.2,925.96,10.0,0.0,0.0,4.0
2026-02-28 22:04:17.094922,31.2,46.1,925.95,293.0,114.0,0.0,151.4
2026-02-28 22:04:22.303612,31.2,46.2,925.95,15.0,0.0,0.0,6.0
2026-02-28 22:04:27.652644,31.2,46.1,925.97,97.0,27.0,0.0,46.900000000000006
2026-02-28 22:04:32.951078,31.2,46.1,925.94,1000.0,500.0,0.0,550.0
2026-02-28 22:04:38.290202,31.2,46.2,925.92,1000.0,500.0,0.0,550.0
2026-02-28 22:04:43.655062,31.2,46.1,925.98,1000.0,500.0,0.0,550.0
2026-02-28 22:04:48.926515,31.2,46.2,925.93,0.0,0.0,0.0,0.0
2026-02-28 22:04:54.054877,31.2,46.2,925.95,0.0,0.0,0.0,0.0
2026-02-28 22:04:59.376710,31.2,46.1,925.99,45.0,9.0,0.0,20.7
2026-02-28 22:05:04.709549,31.2,46.1,925.94,73.0,39.0,0.0,40.900000000000006
2026-02-28 22:05:10.025576,31.2,46.1,925.98,0.0,0.0,0.0,0.0
2026-02-28 22:05:18.320543,31.2,46.2,925.96,1000.0,500.0,0.0,550.0
2026-02-28 22:05:23.547670,31.2,46.2,925.97,0.0,0.0,0.0,0.0
2026-02-28 22:05:28.874837,31.2,46.1,925.97,0.0,0.0,0.0,0.0
2026-02-28 22:05:34.001284,31.2,46.1,925.97,3.0,42.0,0.0,13.8
2026-02-28 22:05:39.310409,31.2,46.2,925.95,648.0,273.0,0.0,341.09999999999997
2026-02-28 22:05:44.636004,31.2,46.2,925.97,791.0,346.0,0.0,420.20000000000005
2026-02-28 22:05:59.810347,31.2,46.1,925.95,14.0,2.0,0.0,6.2
2026-02-28 22:06:05.117973,31.2,46.1,925.99,1000.0,500.0,0.0,550.0
2026-02-28 22:06:10.450270,31.2,46.1,925.98,1000.0,500.0,0.0,550.0
2026-02-28 22:06:15.766371,31.2,46.1,925.96,0.0,0.0,0.0,0.0
2026-02-28 22:06:21.092328,31.2,46.1,925.97,1000.0,500.0,0.0,550.0
2026-02-28 22:06:26.413840,32.1,63.7,926.0,1000.0,500.0,0.0,550.0
2026-02-28 22:06:31.546321,32.0,80.5,925.99,1000.0,500.0,0.0,550.0
2026-02-28 22:06:36.889122,31.5,87.2,925.99,0.0,0.0,0.0,0.0
2026-02-28 22:06:44.421675,31.5,78.3,925.99,1000.0,500.0,0.0,550.0
2026-02-28 22:06:49.563556,31.6,63.4,925.97,1000.0,500.0,0.0,550.0
2026-02-28 22:06:54.888124,31.6,57.3,925.99,51.0,0.0,0.0,20.400000000000002
2026-02-28 22:07:00.209561,31.6,53.9,925.96,298.0,168.0,0.0,169.6
2026-02-28 22:07:05.306209,31.6,51.3,925.99,46.0,0.0,0.0,18.400000000000002
2026-02-28 22:07:10.653218,31.5,49.8,926.0,1000.0,470.0,0.0,541.0
2026-02-28 22:07:15.976705,31.5,48.5,925.97,976.0,488.0,0.0,536.8000000000001
2026-02-28 22:07:21.518316,31.5,47.7,925.99,0.0,42.0,0.0,12.6
2026-02-28 22:07:26.876628,31.5,47.3,925.98,113.0,41.0,0.0,57.5
2026-02-28 22:07:33.179271,31.5,46.9,926.0,1000.0,500.0,0.0,550.0
2026-02-28 22:07:38.344573,31.5,46.7,925.98,1000.0,500.0,0.0,550.0
2026-02-28 22:07:43.623983,31.5,46.6,925.97,1000.0,500.0,0.0,550.0
2026-02-28 22:07:48.948222,31.5,46.5,925.96,285.0,134.0,0.0,154.2
2026-02-28 22:07:54.275733,31.4,46.5,925.99,1000.0,500.0,0.0,550.0
2026-02-28 22:07:59.617602,31.4,46.5,925.97,30.0,14.0,0.0,16.2
2026-02-28 22:08:05.131175,31.4,46.5,925.98,473.0,208.0,0.0,251.60000000000002
2026-02-28 22:08:10.663961,31.4,46.4,926.0,500.0,254.0,0.0,276.2
2026-02-28 22:13:16.230638,31.3,46.1,926.02,327.0,148.0,0.0,175.20000000000002
2026-02-28 22:13:21.542482,31.3,46.1,926.04,1000.0,500.0,0.0,550.0
2026-02-28 22:13:26.887586,31.3,46.1,926.05,1000.0,500.0,0.0,550.0
2026-02-28 22:13:32.193689,31.3,46.1,926.04,101.0,42.0,0.0,53.00000000000001
2026-02-28 22:13:37.539698,31.3,46.1,926.04,856.0,408.0,0.0,464.8
2026-02-28 22:13:43.046136,31.3,46.0,926.04,1000.0,500.0,0.0,550.0
2026-02-28 22:13:48.373158,31.3,46.0,926.05,66.0,54.0,0.0,42.6
2026-02-28 22:13:53.711588,31.3,46.0,926.03,0.0,0.0,0.0,0.0
2026-02-28 22:13:59.228442,31.3,46.1,926.04,73.0,19.0,0.0,34.900000000000006
2026-02-28 22:14:04.418419,31.3,46.0,926.01,0.0,0.0,0.0,0.0
2026-02-28 22:14:09.891588,31.3,46.0,926.02,773.0,343.0,0.0,412.1
2026-02-28 22:14:15.255752,31.3,46.1,926.05,156.0,86.0,0.0,88.2
2026-02-28 22:14:20.527797,31.3,46.0,926.05,872.0,377.0,0.0,461.9
2026-02-28 22:14:25.871029,31.3,46.0,926.07,1000.0,500.0,0.0,550.0
2026-02-28 22:14:30.969297,31.3,46.0,926.07,0.0,6.0,0.0,1.7999999999999998
2026-02-28 22:14:36.307246,31.3,46.0,926.07,1000.0,500.0,0.0,550.0
2026-02-28 22:14:41.464371,31.3,46.0,926.06,0.0,0.0,0.0,0.0
2026-02-28 22:14:46.741916,31.3,46.0,926.08,0.0,26.0,0.0,7.8
2026-02-28 22:14:52.066740,31.3,46.0,926.06,843.0,390.0,0.0,454.20000000000005
2026-02-28 22:14:57.398512,31.3,46.0,926.06,468.0,225.0,0.0,254.70000000000002
2026-02-28 22:15:02.765076,31.3,46.0,926.07,1000.0,500.0,0.0,550.0
2026-02-28 22:15:08.045096,31.3,46.0,926.06,1000.0,420.0,0.0,526.0
2026-02-28 22:15:13.407434,31.3,46.0,926.06,0.0,0.0,0.0,0.0
2026-02-28 22:15:18.692741,31.3,46.0,926.06,808.0,410.0,0.0,446.20000000000005
2026-02-28 22:15:23.813910,31.3,46.0,926.09,0.0,0.0,0.0,0.0
2026-02-28 22:15:29.143561,31.3,46.0,926.05,0.0,0.0,0.0,0.0
2026-02-28 22:15:34.240660,31.2,46.0,926.08,74.0,36.0,0.0,40.4
2026-02-28 22:15:39.374993,31.3,46.0,926.06,1000.0,487.0,0.0,546.1
2026-02-28 22:15:44.720871,31.3,46.0,926.06,216.0,106.0,0.0,118.2
2026-02-28 22:16:00.068251,31.3,46.0,926.07,1000.0,498.0,0.0,549.4
2026-02-28 22:16:05.408401,31.2,45.9,926.07,75.0,0.0,0.0,30.0
2026-02-28 22:16:10.725591,31.2,45.9,926.06,704.0,322.0,0.0,378.20000000000005
2026-02-28 22:16:16.039420,31.2,46.0,926.08,413.0,130.0,0.0,204.20000000000002
2026-02-28 22:16:21.373449,31.3,46.0,926.05,69.0,32.0,0.0,37.2
2026-02-28 22:16:26.583907,31.3,46.0,926.08,1000.0,500.0,0.0,550.0
2026-02-28 22:16:31.846856,31.2,46.0,926.06,1000.0,500.0,0.0,550.0
2026-02-28 22:16:37.128664,31.2,46.0,926.09,792.0,369.0,0.0,427.5
2026-02-28 22:16:42.456220,31.3,46.0,926.06,0.0,0.0,0.0,0.0
2026-02-28 22:16:47.798889,31.2,46.0,926.09,0.0,0.0,0.0,0.0
2026-02-28 22:16:53.108827,31.3,46.0,926.08,1000.0,500.0,0.0,550.0
2026-02-28 22:16:58.434549,31.2,46.0,926.07,453.0,199.0,0.0,240.9
2026-02-28 22:17:03.760968,31.2,46.0,926.08,970.0,500.0,0.0,538.0
2026-02-28 22:17:09.089834,31.3,45.9,926.07,587.0,300.0,0.0,324.8
2026-02-28 22:17:14.659089,31.3,46.0,926.08,1000.0,500.0,0.0,550.0
2026-02-28 22:17:19.906797,31.2,45.9,926.07,0.0,0.0,0.0,0.0
2026-02-28 22:17:25.058900,31.3,45.9,926.1,515.0,187.0,0.0,262.1
2026-02-28 22:17:30.171645,31.3,45.9,926.06,373.0,145.0,0.0,192.70000000000002
2026-02-28 22:17:35.717941,31.2,45.9,926.04,525.0,218.0,0.0,275.4
2026-02-28 22:17:40.826815,31.3,45.9,926.05,1000.0,500.0,0.0,550.0
2026-02-28 22:17:45.968949,31.2,45.9,926.08,1000.0,500.0,0.0,550.0
2026-02-28 22:17:51.278005,31.3,45.9,926.08,0.0,0.0,0.0,0.0
2026-02-28 22:17:56.409793,31.2,45.9,926.08,0.0,0.0,0.0,0.0
2026-02-28 22:18:01.721958,31.3,45.9,926.04,0.0,7.0,0.0,2.1
2026-02-28 22:18:07.062321,31.2,45.9,926.07,0.0,0.0,0.0,0.0
2026-02-28 22:18:15.361990,31.2,45.9,926.09,258.0,171.0,0.0,154.5
2026-02-28 22:18:20.501073,31.2,45.9,926.04,484.0,236.0,0.0,264.40000000000003
2026-02-28 22:18:25.876802,31.2,45.9,926.05,1000.0,500.0,0.0,550.0
2026-02-28 22:18:30.996565,31.2,45.9,926.07,1000.0,500.0,0.0,550.0
2026-02-28 22:18:36.122840,31.2,45.9,926.09,0.0,0.0,0.0,0.0
2026-02-28 22:18:41.224079,31.2,45.9,926.05,0.0,0.0,0.0,0.0
2026-02-28 22:18:46.360428,31.2,45.9,926.06,0.0,0.0,0.0,0.0
2026-02-28 22:18:54.409895,31.2,45.9,926.05,1000.0,500.0,0.0,550.0
2026-02-28 22:18:59.513733,31.2,45.9,926.07,0.0,0.0,0.0,0.0
2026-02-28 22:19:04.788561,31.2,45.9,926.08,795.0,406.0,0.0,439.8
2026-02-28 22:19:10.118106,31.2,45.9,926.04,0.0,0.0,0.0,0.0
2026-02-28 22:19:15.457372,31.2,45.9,926.08,0.0,0.0,0.0,0.0
2026-02-28 22:19:20.763470,31.2,45.9,926.11,1000.0,500.0,0.0,550.0
2026-02-28 22:19:35.936796,31.2,45.9,926.07,0.0,0.0,0.0,0.0
2026-02-28 22:19:41.057628,31.2,45.9,926.12,165.0,77.0,0.0,89.1
2026-02-28 22:19:46.378552,31.2,45.9,926.1,1000.0,500.0,0.0,550.0
2026-02-28 22:22:11.771756,31.2,45.8,926.09,973.0,500.0,0.0,539.2
2026-02-28 22:22:16.896178,31.2,45.8,926.06,1000.0,500.0,0.0,550.0
2026-02-28 22:22:22.012599,31.2,45.8,926.07,820.0,373.0,0.0,439.9
2026-02-28 22:22:27.335622,31.2,45.8,926.07,4.0,65.0,0.0,21.1
2026-02-28 22:22:32.469616,31.2,45.8,926.09,854.0,435.0,0.0,472.1
2026-02-28 22:22:37.799430,31.2,45.8,926.09,972.0,463.0,0.0,527.7
2026-02-28 22:22:43.109479,31.2,45.8,926.04,0.0,1.0,0.0,0.3
2026-02-28 22:22:48.223048,31.2,45.8,926.08,977.0,489.0,0.0,537.5
2026-02-28 22:26:58.115742,31.2,45.6,926.08,350.0,166.0,0.0,189.8
2026-02-28 22:27:03.866692,31.2,45.6,926.11,553.0,271.0,0.0,302.5
2026-02-28 22:27:19.296188,31.2,45.6,926.11,21.0,9.0,0.0,11.1
2026-02-28 22:27:22.072156,31.2,45.7,926.11,474.0,232.0,0.0,259.20000000000005
2026-02-28 22:27:27.191390,31.2,45.6,926.1,371.0,183.0,0.0,203.3
2026-02-28 22:27:36.361201,31.2,45.5,926.1,0.0,0.0,0.0,0.0
2026-02-28 22:27:41.527346,31.2,45.6,926.09,262.0,123.0,0.0,141.70000000000002
2026-02-28 22:27:49.719691,31.2,45.6,926.12,472.0,238.0,0.0,260.2
2026-02-28 22:28:08.415640,31.2,45.6,926.09,399.0,198.0,0.0,219.00000000000003
2026-02-28 22:28:12.754568,31.2,45.6,926.09,0.0,0.0,0.0,0.0
2026-02-28 22:28:13.779394,31.2,45.6,926.1,43.0,17.0,0.0,22.299999999999997
2026-02-28 22:28:19.416930,31.2,45.6,926.1,0.0,0.0,0.0,0.0
2026-02-28 22:28:24.800689,31.2,45.6,926.09,51.0,22.0,0.0,27.0
2026-02-28 22:28:29.886605,31.2,45.6,926.11,28.0,15.0,0.0,15.700000000000001
2026-02-28 22:28:35.389654,31.2,45.6,926.07,97.0,48.0,0.0,53.2
2026-02-28 22:28:40.953370,31.2,45.6,926.07,47.0,21.0,0.0,25.1
2026-02-28 22:28:46.246625,31.2,45.5,926.08,597.0,294.0,0.0,327.0
2026-02-28 22:28:51.681102,31.2,45.6,926.09,305.0,146.0,0.0,165.8
2026-02-28 22:28:56.895069,31.2,45.7,926.1,422.0,213.0,0.0,232.70000000000002
2026-02-28 22:29:02.441466,31.2,45.6,926.07,18.0,10.0,0.0,10.2
2026-02-28 22:29:09.752422,31.2,45.6,926.12,423.0,210.0,0.0,232.20000000000002
2026-02-28 22:29:35.296762,31.2,45.5,926.13,4.0,0.0,0.0,1.6
2026-02-28 22:29:40.938482,31.2,45.5,926.08,484.0,240.0,0.0,265.6
2026-02-28 22:29:46.257374,31.2,45.5,926.1,0.0,0.0,0.0,0.0
2026-02-28 22:29:52.073042,31.2,45.6,926.08,0.0,0.0,0.0,0.0
2026-02-28 22:29:57.340853,31.2,45.5,926.12,552.0,270.0,0.0,301.8
2026-02-28 22:30:03.048061,31.2,45.5,926.11,452.0,223.0,0.0,247.7
2026-02-28 22:30:21.527656,31.2,45.5,926.1,0.0,0.0,0.0,0.0
2026-02-28 22:30:27.215608,31.2,45.5,926.09,452.0,223.0,0.0,247.7
2026-02-28 22:30:42.809635,31.2,45.5,926.11,92.0,44.0,0.0,50.0
2026-02-28 22:30:48.610803,31.2,45.5,926.13,549.0,269.0,0.0,300.3
2026-02-28 22:30:54.284077,31.2,45.5,926.11,131.0,58.0,0.0,69.80000000000001
2026-02-28 22:30:59.790687,31.2,45.5,926.11,0.0,0.0,0.0,0.0
2026-02-28 22:31:05.314497,31.2,45.5,926.12,336.0,171.0,0.0,185.7
2026-02-28 22:31:11.371768,31.2,45.5,926.12,0.0,0.0,0.0,0.0
2026-02-28 22:31:17.192445,31.2,45.5,926.1,0.0,0.0,0.0,0.0
2026-02-28 22:31:22.725869,31.2,45.5,926.07,526.0,261.0,0.0,288.7
2026-02-28 22:31:28.040384,31.2,45.5,926.11,0.0,0.0,0.0,0.0
2026-02-28 22:31:33.573926,31.2,45.5,926.1,142.0,67.0,0.0,76.9
2026-02-28 22:31:39.208484,31.2,45.5,926.06,66.0,50.0,0.0,41.400000000000006
2026-02-28 22:31:44.839268,31.2,45.5,926.08,277.0,136.0,0.0,151.60000000000002
2026-02-28 22:31:50.371669,31.2,45.6,926.08,81.0,39.0,0.0,44.099999999999994
2026-02-28 22:31:56.276894,31.2,45.7,926.1,156.0,73.0,0.0,84.30000000000001
2026-02-28 22:32:01.424476,31.2,45.7,926.09,519.0,257.0,0.0,284.70000000000005
2026-02-28 22:32:06.544615,31.2,45.6,926.08,0.0,0.0,0.0,0.0
2026-02-28 22:32:12.124961,31.2,45.6,926.08,3.0,0.0,0.0,1.2000000000000002
2026-02-28 22:32:17.401761,31.2,45.6,926.07,26.0,10.0,0.0,13.4
2026-02-28 22:32:26.002567,31.2,45.6,926.13,19.0,7.0,0.0,9.700000000000001
2026-02-28 22:32:31.628873,31.2,45.6,926.06,50.0,49.0,0.0,34.7
2026-02-28 22:32:36.863595,31.2,45.7,926.09,69.0,34.0,0.0,37.8
2026-02-28 22:32:42.183732,31.2,45.7,926.06,351.0,177.0,0.0,193.5
2026-02-28 22:32:47.531532,31.2,45.8,926.1,75.0,37.0,0.0,41.1
2026-02-28 22:32:52.833279,31.2,45.8,926.1,253.0,119.0,0.0,136.9
2026-02-28 22:32:57.947514,31.2,45.9,926.09,489.0,241.0,0.0,267.90000000000003
2026-02-28 22:33:03.071847,31.2,45.9,926.08,230.0,119.0,0.0,127.69999999999999
2026-02-28 22:33:08.190286,31.2,45.9,926.1,488.0,240.0,0.0,267.20000000000005
2026-02-28 22:33:13.766054,31.2,45.9,926.1,506.0,238.0,0.0,273.8
2026-02-28 22:33:19.101498,31.2,45.9,926.06,424.0,220.0,0.0,235.60000000000002
2026-02-28 22:33:24.469946,31.2,46.0,926.09,470.0,233.0,0.0,257.9
2026-02-28 22:33:29.996497,31.2,45.9,926.09,78.0,40.0,0.0,43.2
2026-02-28 22:33:35.659959,31.2,45.9,926.06,327.0,171.0,0.0,182.10000000000002
2026-02-28 22:33:40.751067,31.2,45.9,926.07,0.0,0.0,0.0,0.0
2026-02-28 22:33:46.293669,31.2,45.9,926.07,57.0,28.0,0.0,31.200000000000003
2026-02-28 22:33:51.651031,31.2,45.9,926.07,5.0,5.0,0.0,3.5
2026-02-28 22:33:57.029670,31.2,45.9,926.07,18.0,10.0,0.0,10.2
2026-02-28 22:34:22.837112,31.2,45.9,926.09,7.0,0.0,0.0,2.8000000000000003
2026-02-28 22:34:28.784128,31.2,45.9,926.07,16.0,5.0,0.0,7.9
2026-02-28 22:34:34.443695,31.2,45.9,926.09,172.0,84.0,0.0,94.0
2026-02-28 22:34:39.561167,31.2,45.9,926.07,0.0,0.0,0.0,0.0
2026-02-28 22:34:45.276838,31.2,45.9,926.08,23.0,8.0,0.0,11.600000000000001
2026-02-28 22:34:53.876422,31.2,45.8,926.11,3.0,0.0,0.0,1.2000000000000002
2026-02-28 22:34:59.247397,31.2,45.8,926.07,155.0,79.0,0.0,85.7
2026-02-28 22:35:04.518274,31.2,45.8,926.07,238.0,114.0,0.0,129.4
2026-02-28 22:35:10.083424,31.2,45.8,926.05,74.0,37.0,0.0,40.7
2026-02-28 22:35:15.885584,31.2,45.7,926.07,314.0,150.0,0.0,170.60000000000002
2026-02-28 22:35:21.106771,31.2,45.7,926.08,562.0,276.0,0.0,307.6
2026-02-28 22:35:27.041515,31.2,45.7,926.1,72.0,33.0,0.0,38.7
2026-02-28 22:35:32.504624,31.2,45.6,926.09,478.0,234.0,0.0,261.40000000000003
2026-02-28 22:35:38.166853,31.2,45.6,926.05,426.0,207.0,0.0,232.5
2026-02-28 22:35:43.748359,31.2,45.6,926.06,45.0,1.0,0.0,18.3
2026-02-28 22:35:49.777365,31.2,45.6,926.08,0.0,0.0,0.0,0.0
2026-02-28 22:35:55.544164,31.2,45.6,926.09,0.0,0.0,0.0,0.0
2026-02-28 22:36:00.868761,31.2,45.6,926.09,0.0,0.0,0.0,0.0
2026-02-28 22:36:06.272616,31.3,45.6,926.07,29.0,2.0,0.0,12.200000000000001
2026-02-28 22:36:14.971929,31.2,45.6,926.09,314.0,153.0,0.0,171.5
2026-02-28 22:36:20.414426,31.2,45.6,926.09,190.0,102.0,0.0,106.6
2026-02-28 22:36:27.164002,31.2,45.6,926.07,31.0,15.0,0.0,16.9
2026-02-28 22:36:32.816663,31.2,45.6,926.06,0.0,0.0,0.0,0.0
2026-02-28 22:36:38.359442,31.2,45.6,926.07,0.0,0.0,0.0,0.0
2026-02-28 22:36:43.774002,31.2,45.8,926.07,217.0,107.0,0.0,118.9
2026-02-28 22:36:49.279139,31.3,45.7,926.05,4.0,1.0,0.0,1.9000000000000001
2026-02-28 22:36:54.733555,31.2,45.6,926.07,0.0,0.0,0.0,0.0
2026-02-28 22:37:00.230299,31.3,45.6,926.08,443.0,218.0,0.0,242.60000000000002
2026-02-28 22:37:05.601600,31.2,45.5,926.06,148.0,68.0,0.0,79.6
2026-02-28 22:37:11.389326,31.3,45.6,926.08,29.0,11.0,0.0,14.900000000000002
2026-02-28 22:37:17.236941,31.2,45.6,926.1,3.0,1.0,0.0,1.5000000000000002
2026-02-28 22:37:22.560263,31.3,45.6,926.1,0.0,0.0,0.0,0.0
2026-02-28 22:37:27.893698,31.3,45.6,926.11,27.0,13.0,0.0,14.700000000000001
2026-02-28 22:37:33.211876,31.3,45.6,926.08,447.0,218.0,0.0,244.2
2026-02-28 22:37:38.537947,31.3,45.5,926.08,0.0,0.0,0.0,0.0
2026-02-28 22:37:44.109569,31.3,45.5,926.1,31.0,15.0,0.0,16.9
2026-02-28 22:37:49.846195,31.3,45.5,926.08,339.0,162.0,0.0,184.2
2026-02-28 22:37:58.604057,31.3,45.4,926.08,231.0,113.0,0.0,126.30000000000001
2026-02-28 22:38:03.927979,31.3,45.5,926.07,131.0,66.0,0.0,72.2
2026-02-28 22:38:09.048757,31.3,45.5,926.09,262.0,132.0,0.0,144.4
2026-02-28 22:38:14.389486,31.3,45.5,926.07,65.0,32.0,0.0,35.6
2026-02-28 22:38:19.715166,31.2,45.4,926.08,136.0,68.0,0.0,74.80000000000001
2026-02-28 22:38:24.839500,31.3,45.4,926.09,55.0,29.0,0.0,30.7
2026-02-28 22:38:40.413496,31.3,45.4,926.1,334.0,166.0,0.0,183.39999999999998
2026-02-28 22:38:45.814761,31.2,45.4,926.08,75.0,37.0,0.0,41.1
2026-02-28 22:38:51.254160,31.2,45.4,926.07,315.0,156.0,0.0,172.8
2026-02-28 22:38:56.569550,31.2,45.4,926.07,0.0,0.0,0.0,0.0
2026-02-28 22:39:02.198963,31.3,45.4,926.1,332.0,177.0,0.0,185.9
2026-02-28 22:39:07.425139,31.2,45.4,926.08,347.0,171.0,0.0,190.10000000000002
2026-02-28 22:39:12.956085,31.2,45.4,926.08,241.0,122.0,0.0,133.0
2026-02-28 22:39:18.286380,31.2,45.4,926.07,423.0,210.0,0.0,232.20000000000002
2026-02-28 22:39:23.709252,31.2,45.4,926.09,357.0,178.0,0.0,196.20000000000002
2026-02-28 22:39:29.222731,31.3,45.4,926.11,175.0,88.0,0.0,96.4
2026-02-28 22:39:34.957490,31.3,45.4,926.1,540.0,265.0,0.0,295.5
2026-02-28 22:39:40.620066,31.3,45.4,926.09,257.0,128.0,0.0,141.20000000000002
2026-02-28 22:39:45.986813,31.2,45.4,926.08,589.0,291.0,0.0,322.90000000000003
2026-02-28 22:39:51.549349,31.2,45.4,926.08,0.0,0.0,0.0,0.0
2026-02-28 22:40:00.292282,31.2,45.4,926.06,34.0,17.0,0.0,18.700000000000003
2026-02-28 22:40:05.828354,31.3,45.4,926.07,218.0,104.0,0.0,118.4
2026-02-28 22:40:11.144416,31.3,45.5,926.09,0.0,0.0,0.0,0.0
2026-02-28 22:40:16.638972,31.3,45.5,926.1,210.0,104.0,0.0,115.2
2026-02-28 22:40:25.104996,31.3,45.4,926.1,159.0,76.0,0.0,86.4
2026-02-28 22:40:30.795344,31.2,45.4,926.06,472.0,230.0,0.0,257.8
2026-02-28 22:40:36.132516,31.2,45.4,926.09,0.0,0.0,0.0,0.0
2026-02-28 22:40:41.687506,31.2,45.3,926.08,0.0,0.0,0.0,0.0
2026-02-28 22:40:46.996457,31.2,45.3,926.07,273.0,131.0,0.0,148.5
2026-02-28 22:40:52.373139,31.2,45.3,926.07,225.0,101.0,0.0,120.3
2026-02-28 22:40:57.805804,31.2,45.2,926.08,0.0,0.0,0.0,0.0
2026-02-28 22:41:03.345535,31.2,45.2,926.06,559.0,273.0,0.0,305.5
2026-02-28 22:41:08.883947,31.2,45.3,926.1,0.0,0.0,0.0,0.0
2026-02-28 22:41:27.606490,31.2,45.3,926.07,6.0,6.0,0.0,4.2
2026-02-28 22:41:33.446672,31.2,45.3,926.1,410.0,200.0,0.0,224.0
2026-02-28 22:41:41.939831,31.2,45.4,926.09,0.0,0.0,0.0,0.0
2026-02-28 22:41:47.184811,31.2,45.6,926.09,183.0,91.0,0.0,100.5
2026-02-28 22:41:52.706289,31.2,45.7,926.1,332.0,154.0,0.0,179.0
2026-02-28 22:42:08.276015,31.2,45.6,926.12,44.0,21.0,0.0,23.900000000000002
2026-02-28 22:42:27.133929,31.2,45.6,926.11,632.0,302.0,0.0,343.4
2026-02-28 22:42:32.633377,31.2,45.5,926.12,31.0,15.0,0.0,16.9
2026-02-28 22:42:38.271654,31.2,45.5,926.07,27.0,13.0,0.0,14.700000000000001
2026-02-28 22:42:44.400785,31.2,45.5,926.1,35.0,1.0,0.0,14.3
2026-02-28 22:42:50.287135,31.2,45.6,926.1,307.0,145.0,0.0,166.3
2026-02-28 22:45:16.064471,31.2,45.3,926.1,0.0,0.0,0.0,0.0
2026-02-28 22:45:41.299604,31.3,45.2,926.1,682.0,336.0,0.0,373.6
2026-02-28 22:46:22.850988,31.6,53.5,926.1,0.0,0.0,0.0,0.0
2026-02-28 22:46:28.366815,31.6,48.8,926.09,571.0,260.0,0.0,306.4
2026-02-28 22:46:43.981819,31.6,46.3,926.06,0.0,0.0,0.0,0.0
2026-02-28 22:46:49.296539,31.6,45.9,926.08,0.0,0.0,0.0,0.0
2026-02-28 22:46:54.605065,31.5,45.6,926.07,124.0,60.0,0.0,67.6
2026-02-28 22:46:59.997352,31.5,45.5,926.1,601.0,286.0,0.0,326.2
2026-02-28 22:47:05.907336,31.5,45.4,926.1,723.0,357.0,0.0,396.29999999999995
2026-02-28 22:47:11.491896,31.5,45.3,926.06,730.0,352.0,0.0,397.6
2026-02-28 22:47:16.896673,31.5,45.2,926.08,497.0,259.0,0.0,276.5
2026-02-28 22:47:22.330838,31.5,45.2,926.08,1.0,0.0,0.0,0.4
2026-02-28 22:47:27.649287,31.5,45.1,926.08,0.0,0.0,0.0,0.0
2026-02-28 22:47:33.175116,31.4,45.2,926.08,456.0,226.0,0.0,250.2
2026-02-28 22:47:38.838440,31.4,45.2,926.07,319.0,158.0,0.0,175.0
2026-02-28 22:47:44.157448,31.4,45.2,926.09,1000.0,500.0,0.0,550.0
2026-02-28 22:47:49.558371,31.4,45.3,926.07,510.0,257.0,0.0,281.1
2026-02-28 22:47:55.443757,31.4,45.4,926.06,207.0,101.0,0.0,113.10000000000001
2026-02-28 22:48:00.755203,31.4,45.4,926.04,1000.0,500.0,0.0,550.0
2026-02-28 22:48:06.289461,31.4,45.3,926.06,218.0,110.0,0.0,120.2
2026-02-28 22:48:15.616760,31.4,45.3,926.07,0.0,0.0,0.0,0.0
2026-02-28 22:48:24.072401,31.4,46.2,926.05,657.0,326.0,0.0,360.6
2026-02-28 22:48:42.649546,31.4,45.4,926.05,5.0,0.0,0.0,2.0
2026-02-28 22:48:51.218488,31.4,45.2,926.07,0.0,0.0,0.0,0.0
2026-02-28 22:49:10.369689,31.4,45.2,926.07,832.0,404.0,0.0,454.0
2026-02-28 22:49:14.657582,31.4,45.2,926.07,654.0,320.0,0.0,357.6
2026-02-28 22:49:16.048712,31.4,45.1,926.06,257.0,121.0,0.0,139.10000000000002
2026-02-28 22:49:21.665059,31.4,45.1,926.07,737.0,361.0,0.0,403.1
2026-02-28 22:49:27.157690,31.4,45.1,926.06,824.0,406.0,0.0,451.40000000000003
2026-02-28 22:49:32.892730,31.4,45.1,926.06,138.0,67.0,0.0,75.3
2026-02-28 22:49:38.420261,31.4,45.1,926.06,714.0,348.0,0.0,390.0
2026-02-28 22:49:43.847250,31.4,45.1,926.11,112.0,51.0,0.0,60.1
2026-02-28 22:49:49.482981,31.3,45.1,926.09,0.0,0.0,0.0,0.0
2026-03-01 10:50:11.748694,30.1,53.6,927.74,219.0,105.0,0.0,119.10000000000001
2026-03-01 10:50:17.063963,30.1,53.6,927.73,368.0,180.0,0.0,201.20000000000002
2026-03-01 10:50:22.398310,30.1,53.5,927.73,374.0,184.0,0.0,204.79999999999998
2026-03-01 10:50:27.938891,30.1,53.5,927.73,131.0,65.0,0.0,71.9
2026-03-01 10:50:33.135871,30.1,53.5,927.73,391.0,190.0,0.0,213.4
2026-03-01 10:50:38.446533,30.1,53.5,927.77,117.0,54.0,0.0,63.0
2026-03-01 10:50:43.884142,30.1,53.4,927.73,32.0,17.0,0.0,17.9
2026-03-01 10:50:50.153349,30.1,53.4,927.74,159.0,78.0,0.0,87.0
2026-03-01 10:50:55.479327,30.1,53.4,927.74,146.0,75.0,0.0,80.9
2026-03-01 10:51:00.901154,30.2,53.4,927.76,58.0,26.0,0.0,31.000000000000004
2026-03-01 10:51:06.172354,30.1,53.3,927.72,123.0,60.0,0.0,67.2
2026-03-01 10:51:11.474900,30.1,53.3,927.72,11.0,3.0,0.0,5.300000000000001
2026-03-01 10:51:16.992947,30.1,53.3,927.73,50.0,29.0,0.0,28.7
2026-03-01 10:51:22.440741,30.2,53.3,927.76,83.0,42.0,0.0,45.800000000000004
2026-03-01 10:51:27.866008,30.2,53.2,927.74,16.0,9.0,0.0,9.1
2026-03-01 10:51:33.381775,30.2,53.2,927.74,31.0,17.0,0.0,17.5
2026-03-01 10:51:38.734331,30.1,53.7,927.76,425.0,215.0,0.0,234.5
2026-03-01 10:51:47.292334,30.2,54.4,927.73,360.0,178.0,0.0,197.4
2026-03-01 10:51:55.997035,30.2,54.0,927.71,294.0,146.0,0.0,161.4
2026-03-01 10:52:01.322553,30.2,53.8,927.76,273.0,133.0,0.0,149.1
2026-03-01 10:52:06.795701,30.2,54.1,927.7,45.0,20.0,0.0,24.0
2026-03-01 10:52:12.392497,30.2,54.6,927.74,61.0,28.0,0.0,32.800000000000004
2026-03-01 10:52:17.916447,30.2,54.3,927.71,19.0,8.0,0.0,10.0
2026-03-01 10:52:23.256871,30.3,54.0,927.69,20.0,7.0,0.0,10.1
2026-03-01 10:52:28.639792,30.2,53.8,927.71,24.0,11.0,0.0,12.900000000000002
2026-03-01 10:52:33.905614,30.3,53.6,927.71,0.0,0.0,0.0,0.0
2026-03-01 10:52:39.236560,30.3,53.4,927.72,406.0,202.0,0.0,223.0
2026-03-01 10:52:44.740935,30.3,53.3,927.7,50.0,22.0,0.0,26.6
2026-03-01 10:52:50.284027,30.3,53.2,927.7,118.0,57.0,0.0,64.3
2026-03-01 10:52:55.615516,30.3,53.1,927.72,284.0,142.0,0.0,156.20000000000002
2026-03-01 10:53:01.174524,30.3,53.9,927.72,203.0,100.0,0.0,111.2
2026-03-01 10:53:06.666999,30.3,54.4,927.72,1000.0,500.0,0.0762,552.286
2026-03-01 10:53:12.081909,30.3,54.1,927.71,582.0,288.0,0.0249,319.947
2026-03-01 10:53:17.736813,30.3,53.8,927.71,640.0,312.0,0.0,349.6
2026-03-01 10:53:23.044659,30.3,53.5,927.72,196.0,98.0,0.0,107.80000000000001
2026-03-01 10:53:28.603485,30.3,53.4,927.68,624.0,307.0,0.0,341.70000000000005
2026-03-01 10:53:34.196233,30.3,53.3,927.64,0.0,0.0,0.0,0.0
2026-03-01 10:53:42.602491,30.3,53.4,927.66,608.0,300.0,0.0,333.20000000000005
2026-03-01 10:53:49.377398,30.3,53.2,927.73,145.0,71.0,0.0,79.3
2026-03-01 10:53:57.552756,30.4,53.0,927.68,80.0,39.0,0.0,43.7
2026-03-01 10:54:06.361690,30.4,53.7,927.72,480.0,234.0,0.0,262.2
2026-03-01 10:54:14.975545,30.4,53.7,927.7,341.0,173.0,0.0,188.3
2026-03-01 10:54:20.503420,30.4,53.4,927.66,238.0,115.0,0.0,129.7
2026-03-01 10:54:28.776651,30.4,53.3,927.72,9.0,2.0,0.0,4.2
2026-03-01 10:54:38.320407,30.4,53.2,927.66,0.0,0.0,0.0,0.0
2026-03-01 10:54:43.736534,30.4,53.2,927.66,308.0,152.0,0.0,168.8
2026-03-01 10:54:49.170092,30.4,53.1,927.68,11.0,2.0,0.0,5.0
2026-03-01 10:54:54.725372,30.4,53.1,927.69,28.0,12.0,0.0,14.8
2026-03-01 10:55:10.255781,30.4,53.0,927.67,522.0,257.0,0.0,285.9
2026-03-01 10:55:15.792924,30.4,52.9,927.65,29.0,11.0,0.0,14.900000000000002
2026-03-01 10:55:21.320180,30.4,52.9,927.67,48.0,23.0,0.0,26.1
2026-03-01 10:55:28.897012,30.4,52.9,927.66,339.0,165.0,0.0,185.1
2026-03-01 10:55:34.521521,30.4,53.3,927.66,219.0,100.0,0.0,117.60000000000001
2026-03-01 10:55:43.127961,30.4,53.2,927.66,101.0,49.0,0.0,55.10000000000001
2026-03-01 10:55:51.432771,30.4,53.0,927.65,254.0,121.0,0.0,137.9
2026-03-01 10:56:00.023749,30.4,52.9,927.66,7.0,0.0,0.0,2.8000000000000003
2026-03-01 10:56:05.561653,30.4,52.8,927.63,24.0,10.0,0.0,12.600000000000001
2026-03-01 10:56:11.104705,30.4,52.8,927.64,61.0,28.0,0.0,32.800000000000004
2026-03-01 10:56:19.781237,30.4,52.8,927.61,51.0,23.0,0.0,27.3
2026-03-01 10:56:25.269234,30.4,52.8,927.61,54.0,26.0,0.0,29.400000000000002
2026-03-01 10:56:30.667710,30.4,52.8,927.66,51.0,24.0,0.0,27.6
2026-03-01 10:56:36.002787,30.4,52.9,927.61,53.0,25.0,0.0,28.700000000000003
2026-03-01 10:56:41.291367,30.4,52.9,927.63,43.0,20.0,0.0,23.2
2026-03-01 10:56:46.693396,30.4,52.8,927.61,229.0,111.0,0.0,124.9
2026-03-01 10:56:52.247537,30.4,52.8,927.63,80.0,36.0,0.0,42.8
2026-03-01 10:56:57.884022,30.4,52.8,927.59,15.0,1.0,0.0,6.3
2026-03-01 10:57:03.413923,30.4,52.7,927.6,47.0,21.0,0.0,25.1
2026-03-01 10:57:09.256402,30.4,52.7,927.62,35.0,14.0,0.0,18.2
2026-03-01 10:57:14.771015,30.4,52.7,927.62,131.0,66.0,0.0,72.2
2026-03-01 10:57:30.441893,30.4,52.7,927.59,67.0,29.0,0.0,35.5
2026-03-01 10:57:35.997260,30.4,52.7,927.59,182.0,93.0,0.0,100.69999999999999
2026-03-01 10:57:41.450884,30.4,52.7,927.57,33.0,9.0,0.0,15.9
2026-03-01 10:57:47.040063,30.4,52.8,927.6,210.0,99.0,0.0,113.7
2026-03-01 10:57:52.582798,30.3,52.7,927.57,31.0,12.0,0.0,16.0
2026-03-01 10:57:58.100585,30.3,52.8,927.59,47.0,19.0,0.0,24.5
2026-03-01 10:58:03.443057,30.3,52.7,927.59,242.0,119.0,0.0,132.5
2026-03-01 10:58:08.810713,30.3,52.8,927.58,19.0,3.0,0.0,8.5
2026-03-01 10:58:14.078982,30.3,52.8,927.6,75.0,37.0,0.0,41.1
2026-03-01 10:58:19.603400,30.3,52.7,927.57,200.0,96.0,0.0,108.8
2026-03-01 10:58:25.202567,30.3,52.8,927.56,207.0,103.0,0.0,113.70000000000002
2026-03-01 10:58:31.275899,30.3,52.7,927.57,143.0,67.0,0.0,77.3
2026-03-01 10:58:36.596013,30.3,52.7,927.57,25.0,7.0,0.0,12.1
2026-03-01 10:58:41.791035,30.3,52.8,927.58,36.0,14.0,0.0001,18.603
2026-03-01 10:58:46.942490,30.3,52.7,927.59,135.0,63.0,0.0,72.9
2026-03-01 10:58:52.292962,30.3,52.7,927.57,15.0,3.0,0.0,6.9
2026-03-01 10:58:58.003050,30.3,52.7,927.58,156.0,70.0,0.0,83.4
2026-03-01 10:59:03.530377,30.3,52.7,927.61,308.0,147.0,0.0,167.3
2026-03-01 10:59:08.898077,30.3,52.7,927.58,144.0,71.0,0.0,78.9
2026-03-01 10:59:27.083180,30.3,52.8,927.59,300.0,144.0,0.0,163.2
2026-03-01 11:12:24.842922,30.3,52.9,927.36,32.0,13.0,0.0,16.7
2026-03-01 11:12:30.866348,30.3,52.9,927.38,470.0,227.0,0.0,256.1
2026-03-01 11:12:36.722116,30.3,52.9,927.37,139.0,65.0,0.0,75.1
2026-03-01 11:12:42.338825,30.3,52.9,927.39,449.0,220.0,0.0,245.60000000000002
2026-03-01 11:12:47.959950,30.3,52.9,927.37,238.0,118.0,0.0227,132.87
2026-03-01 11:12:53.202012,30.3,52.9,927.39,24.0,5.0,0.0084,11.940000000000001
2026-03-01 11:12:58.718877,30.4,57.5,927.37,43.0,17.0,0.0,22.299999999999997
2026-03-01 11:13:04.245731,30.8,76.4,927.39,169.0,79.0,0.0,91.30000000000001
2026-03-01 11:13:12.656223,31.0,86.9,927.37,418.0,205.0,0.0,228.70000000000002
2026-03-01 11:13:17.972427,30.8,85.9,927.37,287.0,137.0,0.0,155.9
2026-03-01 11:13:23.498412,30.9,76.3,927.37,82.0,22.0,0.0,39.400000000000006
2026-03-01 11:13:29.146041,30.9,68.2,927.38,186.0,86.0,0.0,100.2
2026-03-01 11:13:35.070116,30.9,62.7,927.39,269.0,131.0,0.0,146.9
2026-03-01 11:13:40.601619,30.9,59.2,927.37,32.0,12.0,0.0,16.4
2026-03-01 11:13:46.013184,30.9,57.0,927.36,96.0,45.0,0.0,51.900000000000006
2026-03-01 11:14:02.203630,30.8,53.9,927.35,89.0,42.0,0.0,48.2
2026-03-01 11:27:09.156904,32.3,53.4,927.13,139.0,64.0,0.0,74.8
2026-03-01 11:27:15.364415,32.3,52.5,927.2,109.0,52.0,0.0,59.2
2026-03-01 11:27:21.661045,32.4,51.8,927.16,79.0,37.0,0.0,42.7
2026-03-01 11:27:27.208839,32.4,51.5,927.14,187.0,94.0,0.0,103.0
2026-03-01 11:27:32.719353,32.4,53.0,927.15,212.0,103.0,0.0,115.70000000000002
2026-03-01 11:27:37.953638,32.4,53.9,927.16,19.0,3.0,0.0495,13.45
2026-03-01 11:27:43.646701,32.4,55.4,927.14,136.0,63.0,0.0,73.30000000000001
2026-03-01 11:27:49.310235,32.4,57.0,927.16,101.0,47.0,0.0,54.50000000000001
2026-03-01 11:27:55.146021,32.4,57.1,927.16,53.0,20.0,0.0018,27.380000000000003
2026-03-01 11:28:00.810116,32.4,55.9,927.12,228.0,110.0,0.0,124.2
2026-03-01 11:28:06.404720,32.4,54.3,927.15,173.0,82.0,0.0,93.8
2026-03-01 11:28:12.056172,32.4,52.9,927.15,234.0,112.0,0.0,127.20000000000002
2026-03-01 11:28:17.582196,32.4,52.2,927.13,189.0,89.0,0.0,102.30000000000001
2026-03-01 11:28:22.896518,32.4,52.1,927.15,31.0,9.0,0.0066,15.76
2026-03-01 11:28:28.321776,32.4,51.9,927.13,42.0,17.0,0.0081,22.709999999999997
2026-03-01 11:28:33.546701,32.3,52.3,927.14,50.0,19.0,0.0,25.7
2026-03-01 11:28:39.083165,32.3,52.6,927.17,827.0,415.0,0.0001,455.31
2026-03-01 11:28:44.504054,32.3,53.5,927.16,374.0,182.0,0.0033,204.53
2026-03-01 11:28:50.232961,32.3,53.8,927.13,624.0,312.0,0.0007,343.27000000000004
2026-03-01 11:28:55.878503,32.2,53.2,927.16,58.0,29.0,0.0,31.900000000000002
2026-03-01 11:29:01.295978,32.2,52.7,927.14,127.0,61.0,0.0001,69.11000000000001
2026-03-01 11:29:06.929767,32.2,52.2,927.15,534.0,261.0,0.007,292.6
2026-03-01 11:29:12.458377,32.2,51.8,927.18,146.0,66.0,0.0067,78.87
2026-03-01 11:29:18.113830,32.1,51.6,927.15,440.0,216.0,0.0,240.8
2026-03-01 11:29:23.743638,32.1,51.4,927.13,155.0,68.0,0.0,82.4
2026-03-01 11:29:29.464002,32.1,51.3,927.14,65.0,28.0,0.0,34.4
2026-03-01 11:29:35.045027,32.0,51.2,927.16,663.0,324.0,0.0014,362.53999999999996
2026-03-01 11:29:40.734569,32.0,51.3,927.12,66.0,27.0,0.0,34.5
2026-03-01 11:29:46.146026,32.0,51.3,927.13,35.0,12.0,0.0067,18.270000000000003
2026-03-01 11:29:51.798587,32.0,51.3,927.12,84.0,39.0,0.0037,45.669999999999995
2026-03-01 11:29:57.323650,31.9,51.2,927.14,23.0,5.0,0.0122,11.920000000000002
2026-03-01 11:30:03.053150,31.9,51.2,927.13,219.0,105.0,0.0,119.10000000000001
2026-03-01 11:30:08.780441,31.9,51.2,927.12,259.0,124.0,0.0104,141.84
2026-03-01 11:30:14.519079,31.9,51.1,927.12,664.0,323.0,0.0,362.5
2026-03-01 11:30:19.936880,31.9,51.2,927.12,577.0,275.0,0.0,313.3
2026-03-01 11:30:25.469251,31.9,51.2,927.14,682.0,332.0,0.0,372.4
2026-03-01 11:30:30.706279,31.8,51.2,927.18,274.0,127.0,0.0032,148.02
2026-03-01 11:30:36.246439,31.8,51.1,927.15,255.0,122.0,0.0,138.6
2026-03-01 11:30:41.564290,31.8,51.0,927.13,94.0,44.0,0.0,50.8
2026-03-01 11:30:46.886540,31.8,50.9,927.17,77.0,35.0,0.0,41.3
2026-03-01 11:30:52.626881,31.8,50.9,927.15,657.0,321.0,0.0,359.1
2026-03-01 11:30:58.654760,31.8,51.0,927.13,131.0,54.0,0.0,68.60000000000001
2026-03-01 11:31:04.278481,31.8,51.1,927.13,512.0,248.0,0.0,279.2
2026-03-01 11:31:10.025701,31.7,51.2,927.11,199.0,91.0,0.0075,107.65
2026-03-01 11:31:15.756782,31.7,51.2,927.14,233.0,111.0,0.0,126.5
2026-03-01 11:31:21.286221,31.7,51.3,927.14,537.0,260.0,0.0,292.8
2026-03-01 11:31:26.703450,31.7,51.3,927.12,41.0,12.0,0.0,20.0
2026-03-01 11:31:31.930515,31.7,51.2,927.14,666.0,327.0,0.0011,364.61
2026-03-01 11:31:37.763177,31.7,51.2,927.13,75.0,31.0,0.0022,39.519999999999996
2026-03-01 11:31:43.411238,31.7,51.3,927.14,300.0,146.0,0.0,163.8
2026-03-01 11:31:48.737899,31.7,51.3,927.13,659.0,324.0,0.0,360.8
2026-03-01 11:31:54.253796,31.6,51.3,927.14,19.0,6.0,0.0054,9.940000000000001
2026-03-01 11:31:59.677735,31.6,51.3,927.15,527.0,255.0,0.0,287.3
2026-03-01 11:32:05.410628,31.6,52.0,927.12,624.0,305.0,0.0,341.1
2026-03-01 11:32:11.088352,31.6,52.6,927.13,699.0,342.0,0.0,382.20000000000005
2026-03-01 11:32:16.631048,31.6,52.7,927.16,5.0,2.0,0.0,2.6
2026-03-02 21:34:03.177259,31.8,43.2,928.17,49.0,22.0,0.0,26.200000000000003
2026-03-02 21:34:06.472635,31.8,43.2,928.2,78.0,28.0,0.0,39.6
2026-03-02 21:34:10.139385,31.8,43.3,928.2,56.0,23.0,0.0,29.3
2026-03-02 21:34:13.824414,31.7,43.3,928.19,58.0,26.0,0.0,31.000000000000004
2026-03-02 21:34:17.399785,31.7,43.5,928.21,82.0,41.0,0.0,45.1
2026-03-02 21:34:21.000727,31.8,43.9,928.19,109.0,50.0,0.0012,58.72
2026-03-02 21:34:24.218745,31.8,43.7,928.22,78.0,34.0,0.0,41.400000000000006
2026-03-02 21:34:27.643205,31.8,43.4,928.25,92.0,40.0,0.0,48.800000000000004
2026-03-02 21:34:31.247379,31.8,43.3,928.21,80.0,32.0,0.0,41.6
2026-03-02 21:34:34.619922,31.7,43.2,928.22,71.0,30.0,0.0,37.400000000000006
2026-03-02 21:34:38.201195,31.8,43.2,928.23,82.0,36.0,0.0,43.6
2026-03-02 21:34:41.726354,31.7,43.2,928.21,74.0,32.0,0.0,39.2
2026-03-02 21:34:45.006955,31.7,43.2,928.23,84.0,37.0,0.0,44.7
2026-03-02 21:34:48.446437,31.8,43.2,928.21,71.0,30.0,0.0,37.400000000000006
2026-03-02 21:34:51.607692,31.8,43.3,928.22,59.0,22.0,0.0,30.200000000000003
2026-03-02 21:34:54.781072,31.8,43.3,928.21,89.0,37.0,0.0,46.7
2026-03-02 21:35:01.024243,31.8,43.4,928.17,62.0,24.0,0.0,32.0
2026-03-02 21:35:04.326567,31.8,43.3,928.22,74.0,31.0,0.0118,40.08
2026-03-02 21:35:07.909443,31.8,43.3,928.22,69.0,29.0,0.0,36.3
2026-03-02 21:35:12.492400,31.8,43.2,928.2,86.0,43.0,0.0,47.3
2026-03-02 21:35:16.790890,31.8,43.3,928.2,54.0,13.0,0.0,25.5
2026-03-02 21:35:20.184033,31.8,43.3,928.21,60.0,26.0,0.0,31.8
2026-03-02 21:35:23.509286,31.8,43.4,928.21,81.0,32.0,0.0,42.0
2026-03-02 21:35:27.138302,31.8,43.4,928.19,85.0,39.0,0.0,45.7
2026-03-02 21:35:30.515008,31.8,43.3,928.23,63.0,21.0,0.0,31.500000000000004
2026-03-02 21:35:33.996355,31.8,43.3,928.21,89.0,37.0,0.0,46.7
2026-03-02 21:35:37.234624,31.8,43.3,928.23,65.0,28.0,0.0,34.4
2026-03-02 21:35:40.639764,31.8,43.4,928.22,84.0,39.0,0.0,45.3
2026-03-02 21:35:44.049614,31.8,43.4,928.22,55.0,23.0,0.0,28.9
2026-03-02 21:35:48.745584,31.8,43.3,928.22,82.0,38.0,0.0,44.2
2026-03-02 21:35:52.023829,31.8,43.2,928.21,62.0,27.0,0.0,32.9
2026-03-02 21:35:55.396912,31.8,43.2,928.19,58.0,24.0,0.0,30.400000000000002
2026-03-02 21:35:58.887259,31.8,43.2,928.21,92.0,33.0,0.0,46.7
2026-03-02 21:36:02.363284,31.8,43.1,928.2,105.0,42.0,0.0,54.6
2026-03-02 21:36:05.571856,31.8,43.2,928.2,66.0,28.0,0.0,34.800000000000004
2026-03-02 21:36:11.692626,31.8,43.2,928.22,74.0,30.0,0.0,38.6
2026-03-02 21:36:14.967931,31.8,43.2,928.22,58.0,25.0,0.0,30.700000000000003
2026-03-02 21:36:18.445734,31.8,43.3,928.18,62.0,25.0,0.0,32.3
2026-03-02 21:36:21.935659,31.8,43.3,928.21,85.0,29.0,0.0,42.7
2026-03-02 21:36:25.202250,31.8,43.3,928.22,98.0,41.0,0.0,51.5
2026-03-02 21:36:28.682124,31.8,43.3,928.19,58.0,24.0,0.0,30.400000000000002
2026-03-02 21:36:32.167573,31.8,43.3,928.2,63.0,28.0,0.0,33.6
2026-03-02 21:36:35.452485,31.8,43.3,928.21,57.0,23.0,0.0,29.7
2026-03-02 21:36:41.802774,31.8,43.2,928.22,73.0,32.0,0.0,38.800000000000004
2026-03-02 21:36:45.164933,31.8,43.2,928.24,66.0,33.0,0.0,36.300000000000004
2026-03-02 21:36:51.528487,31.8,43.1,928.2,74.0,35.0,0.0,40.1
2026-03-02 21:36:54.907032,31.8,43.0,928.21,70.0,46.0,0.0,41.8
2026-03-02 21:36:58.477055,31.8,43.0,928.23,80.0,32.0,0.0,41.6
2026-03-02 21:37:01.958873,31.8,42.9,928.22,56.0,20.0,0.0,28.400000000000002
2026-03-02 21:37:05.353119,31.8,42.9,928.2,54.0,21.0,0.0,27.900000000000002
2026-03-02 21:37:08.829560,31.8,42.9,928.22,51.0,24.0,0.0,27.6
2026-03-02 21:37:12.166375,31.8,42.9,928.21,93.0,41.0,0.0,49.5
2026-03-02 21:37:15.402204,31.8,42.9,928.23,101.0,43.0,0.0,53.300000000000004
2026-03-02 21:43:55.785101,31.8,42.6,928.29,50.0,23.0,0.0,26.9
2026-03-02 21:43:59.153442,31.8,42.6,928.29,78.0,36.0,0.0,42.0
2026-03-02 21:44:02.535118,31.8,42.7,928.31,58.0,25.0,0.0159,32.290000000000006
2026-03-02 21:44:06.215525,31.8,42.7,928.34,92.0,43.0,0.0,49.7
2026-03-02 21:44:09.593760,31.8,42.8,928.28,55.0,22.0,0.0,28.6
2026-03-02 21:44:12.836743,31.8,42.9,928.31,113.0,54.0,0.0,61.400000000000006
2026-03-02 21:44:16.348100,31.8,42.9,928.28,63.0,24.0,0.0,32.400000000000006
2026-03-02 21:44:19.841314,31.8,42.9,928.32,62.0,21.0,0.0,31.1
2026-03-02 21:44:23.218740,31.8,42.8,928.32,72.0,27.0,0.0,36.9
2026-03-02 21:44:26.344676,31.8,42.8,928.32,78.0,31.0,0.0,40.5
2026-03-02 21:44:29.982415,31.8,42.9,928.31,111.0,51.0,0.0318,62.88
2026-03-02 21:44:33.485140,31.8,42.8,928.33,58.0,23.0,0.0,30.1
2026-03-02 21:44:36.981411,31.8,42.8,928.31,52.0,21.0,0.0,27.1
2026-03-02 21:44:40.624448,31.8,42.8,928.28,97.0,45.0,0.0,52.300000000000004
2026-03-02 21:44:43.756990,31.8,42.8,928.29,55.0,23.0,0.0012,29.02
2026-03-02 21:44:47.381509,31.8,42.8,928.3,76.0,33.0,0.0,40.300000000000004
2026-03-02 21:44:50.761020,31.8,42.7,928.31,87.0,39.0,0.0,46.5
2026-03-02 21:44:54.443663,31.8,42.7,928.31,87.0,42.0,0.0,47.400000000000006
2026-03-02 21:44:58.034344,31.8,42.7,928.29,105.0,48.0,0.0,56.4
2026-03-02 21:45:01.408570,31.8,42.6,928.29,97.0,44.0,0.019,53.9
2026-03-02 21:45:05.003708,31.8,42.7,928.28,88.0,46.0,0.0,49.0
2026-03-02 21:45:08.777465,31.8,42.7,928.28,101.0,47.0,0.0,54.50000000000001
2026-03-02 21:45:12.366759,31.8,42.7,928.29,67.0,37.0,0.0,37.9
2026-03-02 21:45:15.741690,31.8,42.7,928.3,59.0,16.0,0.0,28.400000000000002
2026-03-02 21:45:19.222531,31.8,42.7,928.31,61.0,23.0,0.0,31.3
2026-03-02 21:45:22.666015,31.8,42.7,928.32,73.0,35.0,0.0,39.7
2026-03-02 21:45:27.325519,31.8,42.8,928.33,58.0,25.0,0.0,30.700000000000003
2026-03-02 21:45:30.690883,31.8,42.8,928.3,52.0,11.0,0.0,24.1
2026-03-02 21:45:34.175078,31.8,42.7,928.32,63.0,31.0,0.0004,34.54
2026-03-02 21:45:37.659199,31.8,42.7,928.31,67.0,35.0,0.0,37.3
2026-03-02 21:45:41.147819,31.8,42.8,928.31,58.0,15.0,0.0,27.700000000000003
2026-03-02 21:45:44.530721,32.0,51.7,928.32,47.0,27.0,0.0,26.9
2026-03-02 21:45:48.100720,32.0,60.7,928.34,58.0,24.0,0.0011,30.51
2026-03-02 21:45:52.097781,32.0,55.5,928.32,45.0,13.0,0.0,21.9
2026-03-02 21:45:55.583886,32.0,52.9,928.31,43.0,12.0,0.0,20.799999999999997
2026-03-02 21:46:10.533698,32.0,46.3,928.31,89.0,37.0,0.0,46.7
2026-03-02 21:46:22.221230,32.1,57.5,928.27,78.0,35.0,0.0,41.7
2026-03-02 21:46:25.491494,32.1,53.2,928.31,58.0,23.0,0.0,30.1
2026-03-02 21:46:36.954511,32.2,56.7,928.31,63.0,20.0,0.0,31.200000000000003
2026-03-02 21:46:37.667880,32.2,55.7,928.34,87.0,47.0,0.0,48.900000000000006
2026-03-02 21:46:40.332209,32.2,55.6,928.32,77.0,31.0,0.0,40.1
2026-03-02 21:46:43.913745,32.2,52.3,928.33,50.0,31.0,0.0,29.299999999999997
2026-03-02 21:46:47.408672,32.2,49.9,928.32,77.0,36.0,0.0,41.6
2026-03-02 21:46:51.184857,32.2,47.9,928.31,69.0,29.0,0.0,36.3
2026-03-02 21:46:54.770750,32.2,46.2,928.29,67.0,25.0,0.0,34.3
2026-03-02 21:46:58.047885,32.2,45.3,928.32,62.0,26.0,0.0,32.6
2026-03-02 21:47:01.422748,32.2,44.6,928.35,56.0,21.0,0.0,28.700000000000003
2026-03-02 21:47:05.009431,32.2,43.9,928.32,81.0,36.0,0.0,43.199999999999996
2026-03-02 21:47:08.383777,32.2,43.6,928.35,83.0,35.0,0.0,43.7
2026-03-02 21:47:12.070438,32.2,43.3,928.33,56.0,17.0,0.0,27.5
2026-03-02 21:47:15.665961,32.1,43.0,928.31,53.0,24.0,0.0,28.400000000000002
2026-03-02 21:47:19.053807,32.1,42.9,928.29,83.0,34.0,0.0,43.400000000000006
2026-03-02 21:47:22.520434,32.1,42.8,928.31,58.0,23.0,0.0,30.1
2026-03-02 21:47:26.113278,32.1,42.9,928.34,76.0,34.0,0.0,40.6
2026-03-02 21:47:29.537389,32.1,42.9,928.31,58.0,30.0,0.0,32.2
2026-03-02 21:47:32.668365,32.1,42.9,928.31,50.0,25.0,0.0,27.5
2026-03-02 21:47:35.790412,32.1,42.8,928.31,78.0,36.0,0.0,42.0
2026-03-02 21:47:38.889824,32.1,42.8,928.31,81.0,28.0,0.0,40.8
2026-03-02 21:47:42.201935,32.0,43.0,928.3,82.0,33.0,0.0,42.7
2026-03-02 21:47:45.903683,32.0,43.0,928.33,67.0,28.0,0.0,35.2
2026-03-02 21:47:49.865625,32.0,42.9,928.35,83.0,37.0,0.0014,44.440000000000005
2026-03-02 21:47:53.237351,32.0,43.0,928.31,63.0,28.0,0.0,33.6
2026-03-03 22:19:31.856809,30.9,44.6,929.6,774.0,365.0,0.0,419.1
2026-03-03 22:19:35.136414,31.0,44.7,929.63,909.0,425.0,0.0,491.1
2026-03-03 22:19:38.409056,31.0,44.8,929.61,1000.0,500.0,0.0,550.0
2026-03-03 22:19:41.515719,31.0,44.9,929.59,400.0,193.0,0.0,217.9
2026-03-03 22:19:44.758769,31.0,45.0,929.62,1000.0,500.0,0.0,550.0
2026-03-03 22:19:48.035802,31.1,45.1,929.64,497.0,243.0,0.0,271.7
2026-03-03 22:19:51.128856,31.1,44.9,929.63,1000.0,500.0,0.0,550.0
2026-03-03 22:19:54.385391,31.1,44.8,929.62,1000.0,500.0,0.0,550.0
2026-03-03 22:19:57.662558,31.1,44.6,929.63,332.0,165.0,0.0,182.3
2026-03-03 22:20:00.942228,31.1,44.4,929.63,717.0,355.0,0.0,393.3
2026-03-03 22:20:04.055662,31.1,44.3,929.64,472.0,228.0,0.0,257.2
2026-03-03 22:20:07.166842,31.2,44.3,929.62,1000.0,500.0,0.0,550.0
2026-03-03 22:20:10.363522,31.2,44.2,929.63,1000.0,500.0,0.0,550.0
2026-03-03 22:20:13.499623,31.2,44.1,929.6,614.0,308.0,0.0,338.0
2026-03-03 22:20:16.821447,31.2,44.1,929.6,9.0,0.0,0.0,3.6
2026-03-03 22:20:20.092354,31.2,44.1,929.63,113.0,53.0,0.0,61.1
2026-03-03 22:20:23.193013,31.2,44.1,929.62,1000.0,500.0,0.0,550.0
2026-03-03 22:20:26.306315,31.3,44.0,929.63,230.0,103.0,0.0,122.9
2026-03-03 22:20:29.509488,31.3,43.9,929.62,1000.0,500.0,0.0,550.0
2026-03-03 22:20:32.785410,31.3,43.9,929.62,1000.0,454.0,0.0,536.2
2026-03-03 22:20:36.062382,31.3,43.9,929.61,890.0,461.0,0.0,494.29999999999995
2026-03-03 22:20:39.278148,31.3,43.9,929.64,734.0,363.0,0.0,402.5
2026-03-03 22:20:42.524818,31.3,43.8,929.65,1000.0,500.0,0.0,550.0
2026-03-03 22:20:45.649452,31.3,43.8,929.64,483.0,238.0,0.0,264.6
2026-03-03 22:20:48.863824,31.3,43.8,929.64,734.0,355.0,0.0,400.1
2026-03-03 22:20:51.966510,31.3,43.8,929.64,196.0,88.0,0.0,104.80000000000001
2026-03-03 22:20:55.213814,31.3,43.8,929.63,442.0,205.0,0.0,238.3
2026-03-03 22:20:58.314792,31.3,43.8,929.64,679.0,326.0,0.0,369.40000000000003
2026-03-03 22:21:01.564324,31.3,43.8,929.64,155.0,64.0,0.0,81.2
2026-03-03 22:21:04.689812,31.3,43.7,929.64,0.0,0.0,0.0,0.0
2026-03-03 22:21:07.813003,31.3,43.7,929.65,467.0,234.0,0.0,257.0
2026-03-03 22:21:10.981660,31.3,43.7,929.68,903.0,450.0,0.0,496.20000000000005
2026-03-03 22:21:14.081296,31.4,43.7,929.62,0.0,0.0,0.0,0.0
2026-03-03 22:21:17.182704,31.4,43.7,929.66,769.0,360.0,0.0,415.6
2026-03-03 22:21:20.403465,31.4,43.7,929.64,856.0,426.0,0.0,470.20000000000005
2026-03-03 22:21:23.828760,31.4,43.7,929.67,132.0,50.0,0.0,67.80000000000001
2026-03-03 22:21:26.938301,31.4,43.7,929.65,22.0,2.0,0.0,9.4
2026-03-03 22:21:30.062548,31.4,43.7,929.65,1000.0,500.0,0.0,550.0
2026-03-03 22:21:33.307580,31.4,43.7,929.65,851.0,420.0,0.0,466.40000000000003
2026-03-03 22:21:36.584104,31.4,43.7,929.67,32.0,19.0,0.0,18.5
2026-03-03 22:21:39.858820,31.4,43.7,929.63,6.0,0.0,0.0,2.4000000000000004
2026-03-03 22:21:43.135039,31.4,43.6,929.65,104.0,53.0,0.0,57.5
2026-03-03 22:21:46.311425,31.4,43.6,929.68,0.0,0.0,0.0,0.0
2026-03-03 22:21:49.423451,31.4,43.6,929.68,417.0,196.0,0.0,225.60000000000002
2026-03-03 22:21:52.521964,31.4,43.6,929.64,401.0,193.0,0.0,218.3
2026-03-04 09:40:33.341082,29.1,41.8,932.02,50.0,24.0,0.0,27.2
2026-03-04 09:40:39.193985,29.1,41.9,932.05,50.0,25.0,0.0,27.5
2026-03-04 09:40:42.677288,29.1,42.0,932.02,55.0,24.0,0.0,29.2
2026-03-04 09:40:48.618649,29.1,42.2,932.01,53.0,23.0,0.0,28.1
2026-03-04 09:40:54.450507,29.1,42.2,932.06,52.0,23.0,0.0,27.7
2026-03-04 09:41:00.907044,29.1,42.2,932.01,54.0,23.0,0.0,28.5
2026-03-04 09:41:07.659355,29.1,42.1,932.06,56.0,23.0,0.0,29.3
2026-03-04 09:41:14.011530,29.1,42.0,932.05,55.0,24.0,0.0,29.2
2026-03-04 09:41:20.465530,29.1,42.1,932.04,49.0,23.0,0.0,26.5
2026-03-04 09:41:26.558335,29.1,42.8,932.04,49.0,21.0,0.0,25.900000000000002
2026-03-04 09:41:30.141287,29.1,43.0,932.05,57.0,21.0,0.0363,32.730000000000004
2026-03-04 09:41:37.873966,29.1,43.2,932.08,55.0,24.0,0.0,29.2
2026-03-04 09:41:45.148644,29.1,42.7,932.1,52.0,23.0,0.0,27.7
2026-03-04 09:41:49.148779,29.1,42.6,932.09,54.0,24.0,0.0,28.8
2026-03-04 09:41:54.764986,29.1,42.4,932.14,53.0,25.0,0.0,28.700000000000003
2026-03-04 09:42:00.194315,29.1,42.3,932.08,53.0,24.0,0.0,28.400000000000002
2026-03-04 09:42:06.370697,29.1,42.6,932.12,58.0,24.0,0.0,30.400000000000002
2026-03-04 09:42:12.089748,29.1,42.3,932.12,53.0,21.0,0.0,27.500000000000004
2026-03-04 09:42:18.659033,29.1,42.3,932.1,56.0,24.0,0.0,29.6
2026-03-04 09:42:26.271114,29.1,42.1,932.1,54.0,23.0,0.0,28.5
2026-03-04 09:42:33.228646,29.1,42.0,932.07,56.0,24.0,0.0,29.6
2026-03-04 09:42:39.861349,29.1,42.1,932.08,61.0,26.0,0.0,32.2
2026-03-04 09:42:45.974684,29.2,42.0,932.09,60.0,24.0,0.0,31.2
2026-03-04 09:42:52.693858,29.2,42.0,932.04,61.0,25.0,0.0,31.900000000000002
2026-03-04 09:42:59.963595,29.2,41.8,932.04,58.0,24.0,0.0,30.400000000000002
2026-03-04 09:43:04.058387,29.2,41.9,932.01,62.0,25.0,0.0,32.3
2026-03-04 09:43:08.499385,29.2,42.0,932.02,61.0,25.0,0.0025,32.150000000000006
2026-03-04 09:43:20.678948,29.2,42.2,932.02,63.0,28.0,0.0,33.6
2026-03-04 09:43:27.338728,29.2,42.1,932.02,74.0,27.0,0.1084,48.540000000000006
2026-03-04 09:43:37.575214,29.2,42.0,932.02,64.0,27.0,0.0,33.7
2026-03-04 09:43:44.403008,29.2,42.0,932.05,65.0,27.0,0.0,34.1
2026-03-04 09:43:51.471022,29.2,42.0,932.03,68.0,27.0,0.0,35.300000000000004
2026-03-04 09:43:55.964462,29.2,42.0,932.01,65.0,27.0,0.0,34.1
2026-03-04 09:44:02.406521,29.2,42.0,932.02,73.0,31.0,0.0,38.5
2026-03-04 09:44:09.288173,29.2,42.0,932.03,66.0,27.0,0.0,34.5
2026-03-04 09:44:17.381384,29.2,42.4,932.05,66.0,27.0,0.0,34.5
2026-03-04 09:44:23.756222,29.2,42.6,932.08,66.0,28.0,0.0,34.800000000000004
2026-03-04 09:44:29.731359,29.2,42.6,932.1,71.0,27.0,0.0,36.5
2026-03-04 09:44:36.379526,29.2,42.4,932.08,66.0,30.0,0.0,35.400000000000006
2026-03-04 09:44:40.452306,29.2,42.4,932.05,66.0,28.0,0.0,34.800000000000004
2026-03-04 09:44:50.351913,29.2,42.3,932.09,66.0,28.0,0.0,34.800000000000004
2026-03-04 09:44:55.013007,29.1,42.1,932.05,64.0,28.0,0.0,34.0
2026-03-04 09:45:01.373658,29.1,42.1,932.09,62.0,27.0,0.0,32.9
2026-03-04 09:45:08.659715,29.1,42.2,932.06,66.0,27.0,0.0,34.5
2026-03-04 09:45:16.213881,29.1,42.4,932.09,65.0,26.0,0.0,33.8
2026-03-04 09:45:23.439000,29.0,42.5,932.1,65.0,27.0,0.0,34.1
2026-03-04 09:45:30.486631,29.1,42.5,932.08,68.0,27.0,0.0,35.300000000000004
2026-03-04 09:45:37.827741,29.0,42.4,932.08,65.0,25.0,0.0,33.5
2026-03-04 09:45:44.667445,29.1,42.6,932.07,63.0,26.0,0.0,33.0
2026-03-04 09:45:50.422230,29.0,42.5,932.07,79.0,26.0,0.0,39.4
2026-03-04 09:45:56.128138,29.0,42.3,932.05,65.0,27.0,0.0,34.1
2026-03-04 09:46:02.679791,29.0,42.3,932.04,62.0,26.0,0.0,32.6
2026-03-04 09:46:08.009624,29.0,42.2,932.08,63.0,28.0,0.0,33.6
2026-03-04 09:46:14.363254,29.0,42.2,932.07,64.0,28.0,0.0,34.0
2026-03-04 09:46:23.465508,29.0,42.5,932.07,68.0,26.0,0.0,35.0
2026-03-04 09:46:29.710064,29.0,42.9,932.07,66.0,28.0,0.0,34.800000000000004
2026-03-04 09:46:35.855449,29.0,42.5,932.05,66.0,28.0,0.0,34.800000000000004
2026-03-04 09:46:39.238676,29.0,42.5,932.1,63.0,27.0,0.0,33.300000000000004
2026-03-04 09:46:44.873860,29.0,42.3,932.07,67.0,27.0,0.0,34.9
2026-03-04 09:46:48.152443,29.0,42.1,932.09,62.0,26.0,0.0,32.6
2026-03-04 09:46:54.309237,29.0,42.0,932.09,63.0,26.0,0.0,33.0
2026-03-04 09:46:59.413092,29.0,42.0,932.14,64.0,26.0,0.0,33.4
2026-03-04 09:47:05.108418,29.1,42.2,932.11,62.0,27.0,0.0,32.9
2026-03-04 09:47:11.090980,29.0,42.2,932.12,62.0,25.0,0.0,32.3
2026-03-04 09:47:16.206481,29.1,42.5,932.1,63.0,23.0,0.0,32.1
2026-03-04 09:47:21.389886,29.1,42.4,932.1,65.0,28.0,0.0,34.4
2026-03-04 09:47:27.369421,29.1,42.2,932.07,69.0,24.0,0.0062,35.419999999999995
2026-03-04 09:47:35.565474,29.1,42.3,932.05,62.0,26.0,0.0,32.6
2026-03-04 09:47:41.314632,29.1,42.2,932.1,66.0,26.0,0.0,34.2
2026-03-04 09:47:45.802245,29.1,42.0,932.07,63.0,29.0,0.0,33.900000000000006
2026-03-04 09:47:51.334837,29.1,41.8,932.08,61.0,27.0,0.0,32.5
2026-03-04 09:47:55.019815,29.1,41.7,932.09,65.0,26.0,0.0,33.8
2026-03-04 09:48:00.340521,29.1,41.7,932.09,62.0,26.0,0.0,32.6
2026-03-04 09:48:05.462400,29.1,41.6,932.1,66.0,27.0,0.0144,35.94
2026-03-04 09:48:12.432877,29.1,41.5,932.09,66.0,27.0,0.0,34.5
2026-03-04 09:48:17.338488,29.1,41.5,932.08,66.0,28.0,0.0,34.800000000000004
2026-03-04 09:48:22.966844,29.0,41.7,932.08,64.0,27.0,0.0,33.7
2026-03-04 09:48:29.631139,29.1,41.6,932.08,67.0,27.0,0.0,34.9
2026-03-04 09:48:35.363385,29.1,42.1,932.07,67.0,28.0,0.0,35.2
2026-03-04 09:48:40.278025,29.1,42.1,932.09,64.0,29.0,0.0,34.3
2026-03-04 09:48:44.061384,29.1,42.2,932.06,63.0,25.0,0.0,32.7
2026-03-04 09:48:50.572773,29.1,42.5,932.07,67.0,24.0,0.0,34.0
2026-03-04 09:48:55.650732,29.1,42.5,932.05,66.0,27.0,0.0,34.5
2026-03-04 09:49:01.805519,29.1,42.4,932.07,65.0,27.0,0.0,34.1
2026-03-04 09:49:07.582486,29.1,42.4,932.07,63.0,26.0,0.0,33.0
2026-03-04 09:49:13.054885,29.1,42.2,932.07,66.0,29.0,0.0,35.1
2026-03-04 09:50:01.506388,29.1,41.5,932.08,58.0,27.0,0.0,31.300000000000004
2026-03-04 09:50:07.547732,29.2,41.5,932.09,66.0,28.0,0.0027,35.07000000000001
2026-03-04 09:50:15.042554,29.2,41.5,932.13,66.0,28.0,0.0,34.800000000000004
2026-03-04 09:50:18.583505,29.2,41.6,932.1,67.0,29.0,0.0,35.5
2026-03-04 09:50:24.023678,29.2,41.6,932.11,66.0,28.0,0.0,34.800000000000004
2026-03-04 09:50:29.357196,29.2,41.7,932.1,65.0,27.0,0.0,34.1
2026-03-04 09:50:34.878864,29.2,41.6,932.12,67.0,29.0,0.0,35.5
2026-03-04 09:50:40.084350,29.2,41.5,932.08,63.0,26.0,0.0,33.0
2026-03-04 09:50:46.137461,29.2,41.5,932.11,65.0,27.0,0.0,34.1
2026-03-04 09:50:50.649753,29.2,41.5,932.09,65.0,30.0,0.0,35.0
2026-03-04 09:50:54.735175,29.2,41.5,932.09,67.0,28.0,0.0,35.2
2026-03-04 09:51:00.461801,29.2,41.4,932.11,62.0,27.0,0.0,32.9
2026-03-04 09:51:06.231400,29.2,41.8,932.08,68.0,25.0,0.0,34.7
2026-03-04 09:51:12.802833,29.2,41.8,932.09,59.0,27.0,0.0,31.700000000000003
2026-03-04 09:51:18.909586,29.2,41.9,932.11,62.0,25.0,0.0,32.3
2026-03-04 09:51:24.438733,29.2,42.2,932.08,65.0,26.0,0.0,33.8
2026-03-04 09:51:30.575614,29.2,41.9,932.1,62.0,25.0,0.0,32.3
2026-03-04 09:51:36.209321,29.2,41.7,932.07,65.0,27.0,0.0074,34.84
2026-03-04 09:51:43.283432,29.2,41.5,932.11,68.0,28.0,0.0,35.6
2026-03-04 09:51:49.424803,29.2,41.5,932.14,68.0,29.0,0.0,35.900000000000006
2026-03-04 09:51:54.749951,29.2,41.4,932.09,67.0,29.0,0.0,35.5
2026-03-04 09:52:00.375078,29.1,41.4,932.08,66.0,27.0,0.0,34.5
2026-03-04 09:52:06.906482,29.2,41.3,932.07,69.0,29.0,0.0,36.3
2026-03-04 09:52:12.664118,29.2,41.2,932.08,71.0,29.0,0.0067,37.77
2026-03-04 09:52:21.262749,29.2,41.2,932.09,66.0,29.0,0.0,35.1
2026-03-04 09:52:26.596936,29.1,41.2,932.12,66.0,29.0,0.0,35.1
2026-03-04 09:52:32.321177,29.2,41.2,932.09,68.0,28.0,0.0,35.6
2026-03-04 09:52:38.062592,29.1,41.2,932.12,67.0,27.0,0.0016,35.059999999999995
2026-03-04 09:52:43.683502,29.1,41.1,932.07,69.0,29.0,0.0,36.3
2026-03-04 09:52:47.080249,29.1,41.1,932.1,69.0,29.0,0.0,36.3
2026-03-04 09:52:53.005599,29.2,41.1,932.09,64.0,27.0,0.0066,34.36
2026-03-04 09:53:01.403539,29.1,41.0,932.14,69.0,29.0,0.0,36.3
2026-03-04 09:53:07.443613,29.1,41.3,932.1,68.0,29.0,0.0047,36.370000000000005
2026-03-04 09:53:15.638100,29.1,41.2,932.1,69.0,30.0,0.0,36.6
2026-03-04 09:53:20.966241,29.2,41.0,932.08,68.0,27.0,0.0221,37.510000000000005
2026-03-04 09:53:28.490877,29.2,40.9,932.07,70.0,29.0,0.0,36.7
2026-03-04 09:53:33.353597,29.2,40.9,932.09,70.0,28.0,0.0,36.4
2026-03-04 09:53:38.492739,29.2,40.9,932.12,66.0,28.0,0.0,34.800000000000004
2026-03-04 09:53:44.208147,29.2,41.0,932.12,69.0,27.0,0.0,35.7
2026-03-04 09:53:49.534511,29.2,41.0,932.12,72.0,28.0,0.0234,39.540000000000006
2026-03-04 09:53:56.594395,29.2,41.0,932.12,66.0,27.0,0.0137,35.87
2026-03-04 09:54:02.437501,29.2,41.0,932.14,70.0,29.0,0.0,36.7
2026-03-04 09:54:11.153768,29.2,41.0,932.09,72.0,31.0,0.0,38.1
2026-03-06 13:39:58.634532,30.1,47.6,925.19,62.0,27.0,0.0125,34.15
2026-03-06 13:40:03.139967,30.2,50.5,925.19,58.0,27.0,0.0,31.300000000000004
2026-03-06 13:40:08.571194,30.3,50.2,925.21,60.0,30.0,0.0,33.0
2026-03-06 13:40:13.207268,30.4,49.2,925.2,51.0,22.0,0.0,27.0
2026-03-06 13:40:18.054354,30.6,56.1,925.23,51.0,25.0,0.0085,28.750000000000004
2026-03-06 13:40:21.266740,30.7,54.9,925.23,51.0,24.0,0.0044,28.040000000000003
2026-03-06 13:40:26.429549,30.9,52.3,925.17,55.0,23.0,0.0243,31.33
2026-03-07 10:09:14.601662,30.7,65.4,929.38,58.0,25.0,0.0159,32.290000000000006
2026-03-07 10:09:19.907401,30.7,65.3,929.39,63.0,26.0,0.0155,34.55
2026-03-07 10:09:25.019603,30.7,65.2,929.39,56.0,26.0,0.0138,31.580000000000002
2026-03-07 10:09:50.627552,30.8,64.8,929.39,69.0,28.0,0.0173,37.73
2026-03-07 10:09:55.705735,30.8,64.5,929.38,64.0,26.0,0.0266,36.059999999999995
2026-03-07 10:10:02.810781,30.8,64.4,929.4,62.0,28.0,0.0214,35.34
2026-03-07 10:10:08.248538,30.9,64.5,929.41,62.0,25.0,0.0189,34.19
2026-03-07 10:10:14.392326,30.9,64.4,929.4,62.0,29.0,0.0199,35.49
2026-03-07 10:10:18.498872,30.9,64.4,929.37,70.0,28.0,0.0723,43.629999999999995
2026-03-07 10:10:22.579464,30.9,64.5,929.38,61.0,25.0,0.0223,34.13
2026-03-07 10:10:28.274600,30.9,64.6,929.37,63.0,26.0,0.0284,35.84
2026-03-07 10:10:33.432852,30.9,64.8,929.39,62.0,27.0,0.013,34.199999999999996
2026-03-07 10:10:39.201040,30.9,64.8,929.38,62.0,26.0,0.0093,33.53
2026-03-07 10:10:44.531944,30.9,64.7,929.38,58.0,24.0,0.0053,30.930000000000003
2026-03-07 10:10:50.027879,30.9,64.6,929.38,62.0,25.0,0.0271,35.01
2026-03-07 10:10:56.883199,31.0,64.6,929.42,72.0,31.0,0.0045,38.550000000000004
2026-03-07 10:11:03.328335,31.0,64.7,929.4,64.0,26.0,0.0243,35.83
2026-03-07 10:11:11.427754,31.0,64.7,929.39,61.0,24.0,0.0129,32.89
2026-03-07 10:11:17.162463,31.0,64.6,929.37,61.0,25.0,0.02,33.900000000000006
2026-03-07 10:11:26.671668,31.0,63.3,929.37,58.0,26.0,0.0162,32.620000000000005
2026-03-07 10:11:29.931901,31.0,62.8,929.34,57.0,24.0,0.0155,31.55
2026-03-07 10:11:33.323839,31.0,62.6,929.37,60.0,26.0,0.0125,33.05
2026-03-07 10:11:40.087729,30.9,62.6,929.38,63.0,26.0,0.0227,35.27
2026-03-07 10:11:48.556766,30.9,62.7,929.36,63.0,26.0,0.0077,33.77
2026-03-07 10:11:54.495785,30.9,62.9,929.36,68.0,25.0,0.0186,36.56
2026-03-07 10:12:00.672184,30.9,63.1,929.38,66.0,26.0,0.018,36.0
2026-03-07 10:12:07.350481,30.9,63.5,929.37,60.0,19.0,0.0075,30.45
2026-03-07 10:12:12.552154,30.9,63.6,929.36,66.0,26.0,0.0229,36.49
2026-03-07 10:12:17.992659,30.9,63.9,929.34,63.0,27.0,0.0208,35.38
2026-03-07 10:12:23.740311,30.9,64.0,929.36,61.0,25.0,0.006,32.5
2026-03-07 10:12:29.499390,30.9,64.1,929.37,59.0,25.0,0.0143,32.53
2026-03-07 10:12:38.282301,31.0,64.1,929.34,65.0,26.0,0.0414,37.94
2026-03-07 10:12:44.712247,31.0,64.3,929.35,59.0,24.0,0.0097,31.77
2026-03-07 10:12:50.640284,31.0,64.3,929.33,61.0,26.0,0.0153,33.730000000000004
2026-03-07 10:12:57.513478,31.0,64.4,929.36,59.0,25.0,0.0118,32.28
2026-03-07 10:13:12.815540,31.0,64.4,929.38,60.0,27.0,0.0052,32.620000000000005
2026-03-07 10:13:16.580077,31.0,64.3,929.35,64.0,26.0,0.0214,35.54
2026-03-07 10:13:25.354422,31.0,64.3,929.4,63.0,23.0,0.0143,33.53
2026-03-07 10:13:36.257783,31.0,64.2,929.38,63.0,26.0,0.018,34.8
2026-03-07 10:13:47.524293,31.0,64.2,929.35,59.0,26.0,0.0155,32.95
2026-03-07 10:14:10.879826,31.1,64.0,929.36,66.0,26.0,0.0234,36.540000000000006
2026-03-07 10:14:19.527009,31.1,63.9,929.35,67.0,28.0,0.0266,37.86
2026-03-07 10:14:23.341811,31.1,63.8,929.34,63.0,27.0,0.0118,34.480000000000004
2026-03-07 10:14:29.902421,31.1,63.8,929.35,61.0,27.0,0.0273,35.23
2026-03-07 10:14:34.804342,31.1,63.8,929.33,64.0,27.0,0.0251,36.21
2026-03-07 10:14:40.185949,31.1,63.8,929.36,61.0,25.0,0.0173,33.63
2026-03-07 10:14:45.654748,31.1,63.8,929.39,64.0,26.0,0.0143,34.83
2026-03-07 10:14:51.077598,31.1,63.8,929.36,63.0,26.0,0.0049,33.49
2026-03-07 10:14:56.161234,31.1,63.7,929.34,64.0,26.0,0.0258,35.98
2026-03-07 10:15:03.269664,31.1,63.0,929.37,63.0,25.0,0.0199,34.690000000000005
2026-03-07 10:15:08.590975,31.1,62.6,929.36,66.0,26.0,0.0253,36.730000000000004
2026-03-07 10:15:13.917469,31.1,62.4,929.37,63.0,25.0,0.0221,34.910000000000004
2026-03-07 10:15:21.695856,31.1,62.5,929.37,59.0,24.0,0.0111,31.91
2026-03-07 10:15:26.615405,31.1,62.5,929.34,60.0,25.0,0.0033,31.83
2026-03-07 10:15:31.735203,31.1,62.7,929.34,62.0,26.0,0.0185,34.45
2026-03-07 10:15:39.946322,31.1,62.8,929.34,61.0,26.0,0.0177,33.970000000000006
2026-03-07 10:15:45.487196,31.1,62.9,929.33,62.0,24.0,0.0153,33.53
2026-03-07 10:15:52.510968,31.1,63.0,929.36,63.0,25.0,0.0247,35.17
2026-03-07 10:15:57.547811,31.1,63.1,929.34,61.0,25.0,0.0282,34.72
2026-03-07 10:16:02.878115,31.1,63.1,929.34,53.0,23.0,0.0,28.1
2026-03-07 10:16:08.290643,31.1,63.2,929.39,60.0,24.0,0.0,31.2
2026-03-07 10:16:14.547284,31.1,63.5,929.35,62.0,27.0,0.0211,35.01
2026-03-07 10:16:27.439545,31.1,64.6,929.39,62.0,25.0,0.0136,33.66
2026-03-07 10:16:32.970997,31.1,64.7,929.37,66.0,28.0,0.023,37.1
2026-03-07 10:16:36.445323,31.1,64.7,929.37,63.0,26.0,0.0118,34.18
2026-03-07 10:16:42.625186,31.1,64.7,929.36,61.0,26.0,0.008,33.0
2026-03-07 10:16:54.715548,31.1,64.0,929.34,61.0,27.0,0.0247,34.97
2026-03-07 10:17:03.521109,31.2,63.9,929.36,58.0,25.0,0.0111,31.810000000000002
2026-03-07 10:17:08.346157,31.2,63.8,929.36,62.0,25.0,0.0184,34.14
2026-03-07 10:17:13.056121,31.1,63.7,929.36,63.0,26.0,0.02,35.0
2026-03-07 10:17:18.127189,31.2,63.7,929.34,61.0,25.0,0.0155,33.45
2026-03-07 10:17:21.496100,31.2,63.7,929.35,65.0,26.0,0.0148,35.279999999999994
2026-03-07 10:17:41.366576,31.2,63.6,929.34,62.0,26.0,0.0162,34.22
2026-03-07 10:18:05.528249,31.2,63.2,929.33,63.0,26.0,0.0296,35.96
2026-03-07 10:18:11.480357,31.2,63.1,929.35,61.0,25.0,0.0033,32.230000000000004
2026-03-07 10:18:23.147345,31.2,63.0,929.31,59.0,24.0,0.0027,31.07
2026-03-07 10:18:27.034226,31.2,62.9,929.31,62.0,25.0,0.0112,33.419999999999995
2026-03-07 10:18:30.512097,31.2,62.9,929.34,62.0,26.0,0.0089,33.49
2026-03-07 10:18:36.460789,31.2,62.8,929.34,66.0,27.0,0.0107,35.57
2026-03-07 10:18:46.490990,31.2,63.0,929.32,65.0,25.0,0.0203,35.53
2026-03-07 10:18:53.050826,31.2,63.1,929.29,63.0,26.0,0.0104,34.04
2026-03-07 10:18:57.201789,31.2,63.1,929.32,78.0,26.0,0.0164,40.64
2026-03-07 10:19:02.669670,31.2,63.2,929.31,62.0,25.0,0.0269,34.989999999999995
2026-03-07 10:19:08.462088,31.2,63.2,929.3,60.0,25.0,0.0156,33.06
2026-03-07 10:19:14.982642,31.2,63.1,929.32,62.0,25.0,0.0092,33.22
2026-03-07 10:19:20.491974,31.2,62.9,929.36,62.0,24.0,0.0092,32.92
2026-03-07 10:19:24.392243,31.2,62.9,929.34,59.0,25.0,0.0259,33.69
2026-03-07 10:19:28.364849,31.2,62.9,929.36,58.0,25.0,0.0067,31.370000000000005
2026-03-07 10:19:32.371680,31.3,63.0,929.37,63.0,25.0,0.0241,35.11
2026-03-07 10:19:38.524566,31.2,62.9,929.36,62.0,26.0,0.0089,33.49
2026-03-07 10:19:44.047282,31.3,63.0,929.34,61.0,26.0,0.008,33.0
2026-03-07 10:19:49.575512,31.3,62.9,929.34,64.0,31.0,0.0178,36.68
2026-03-07 10:19:55.162136,31.3,62.9,929.35,65.0,27.0,0.0115,35.25
2026-03-07 10:20:00.863351,31.3,63.0,929.35,66.0,26.0,0.0251,36.71
2026-03-07 10:20:17.723666,31.3,62.7,929.34,50.0,26.0,0.0244,30.240000000000002
2026-03-07 10:20:21.913634,31.3,62.7,929.33,64.0,27.0,0.0326,36.96
2026-03-07 10:20:27.284167,31.3,62.6,929.35,65.0,23.0,0.0226,35.16
2026-03-07 10:20:32.446233,31.3,62.5,929.32,65.0,27.0,0.0251,36.61
2026-03-07 10:20:38.309618,31.3,62.6,929.36,67.0,25.0,0.0541,39.709999999999994
2026-03-07 10:20:43.640856,31.3,62.6,929.36,67.0,26.0,0.0119,35.79
2026-03-07 10:20:48.963719,31.3,62.6,929.34,64.0,26.0,0.0197,35.37
2026-03-07 10:20:55.924355,31.3,62.6,929.33,63.0,25.0,0.0233,35.03
2026-03-07 10:21:02.485375,31.3,62.6,929.35,65.0,28.0,0.0381,38.21
2026-03-07 10:21:11.491041,31.3,62.5,929.34,61.0,24.0,0.0169,33.29
2026-03-07 10:21:16.821148,31.3,62.5,929.36,62.0,26.0,0.0203,34.63
2026-03-07 10:21:22.550069,31.3,62.4,929.36,63.0,26.0,0.0273,35.73
2026-03-07 10:21:27.670468,31.3,62.5,929.34,68.0,21.0,0.0116,34.66
2026-03-07 10:21:36.880563,31.3,62.8,929.33,61.0,24.0,0.0027,31.87
2026-03-07 10:21:40.982498,31.3,62.8,929.34,58.0,25.0,0.0155,32.25
2026-03-07 10:21:49.994946,31.3,62.6,929.37,62.0,25.0,0.014,33.699999999999996
2026-03-07 10:21:54.101441,31.3,62.6,929.35,61.0,24.0,0.0141,33.01
2026-03-07 10:21:57.618902,31.3,62.6,929.36,63.0,27.0,0.0121,34.510000000000005
2026-03-07 10:22:04.842131,31.3,62.4,929.34,64.0,26.0,0.0229,35.69
